method,game,bin,mean,std,seeds,sem,agent_steps
DreamerV3,alien,0.0,227.26190476190476,64.53446142967447,5,28.860688529618074,2500.0
DreamerV3,alien,1.0,198.82142857142858,35.554239607698456,5,15.90033933022584,7500.0
DreamerV3,alien,2.0,207.61111111111114,25.926765032717213,5,11.59480180996405,12500.0
DreamerV3,alien,3.0,307.33333333333337,86.98677750024163,5,38.9016695268379,17500.0
DreamerV3,alien,4.0,315.35555555555555,53.11795850211206,5,23.755073207347092,22500.0
DreamerV3,alien,5.0,436.2714285714286,74.94944554668236,5,33.51841102366013,27500.0
DreamerV3,alien,6.0,438.15,120.09665378352555,5,53.70885634604409,32500.0
DreamerV3,alien,7.0,483.5277777777777,84.80207985016393,5,37.92464303566634,37500.0
DreamerV3,alien,8.0,556.2142857142857,150.34300705522745,5,67.23543674344381,42500.0
DreamerV3,alien,9.0,496.7222222222223,59.492581755632536,5,26.605891392511626,47500.0
DreamerV3,alien,10.0,576.5357142857143,86.30152261763665,5,38.595214226954226,52500.0
DreamerV3,alien,11.0,548.1731601731601,68.12330616509128,5,30.46566868743492,57500.0
DreamerV3,alien,12.0,603.7460317460317,67.98846477828083,5,30.405365786017217,62500.0
DreamerV3,alien,13.0,691.1428571428571,206.33685555223454,5,92.27664705567027,67500.0
DreamerV3,alien,14.0,628.3571428571429,95.699001903988,5,42.79789472723979,72500.0
DreamerV3,alien,15.0,739.5285714285714,249.6212212165317,5,111.63400385333551,77500.0
DreamerV3,alien,16.0,784.0952380952381,340.71347043262074,5,152.37169614744093,82500.0
DreamerV3,alien,17.0,796.3690476190476,225.30302880842376,5,100.7585775904458,87500.0
DreamerV3,alien,18.0,680.9166666666667,128.82697267610106,5,57.61317364785399,92500.0
DreamerV3,alien,19.0,819.5952380952382,130.19629127989222,5,58.22555154404042,97500.0
DreamerV3,amidar,0.0,2.925,1.245617316835311,5,0.5570569988789297,2500.0
DreamerV3,amidar,1.0,2.3916666666666666,1.1960744691709078,5,0.5349007638436253,7500.0
DreamerV3,amidar,2.0,18.58888888888889,13.504052461034442,5,6.039195854919268,12500.0
DreamerV3,amidar,3.0,34.871428571428574,9.413732912449703,5,4.209949342852922,17500.0
DreamerV3,amidar,4.0,36.720555555555556,8.933404936832995,5,3.995140141858158,22500.0
DreamerV3,amidar,5.0,46.878571428571426,16.39557244863281,5,7.332322905033127,27500.0
DreamerV3,amidar,6.0,50.44285714285714,9.306624807421993,5,4.1620491420962935,32500.0
DreamerV3,amidar,7.0,68.74047619047619,47.305706129099946,5,21.155754925659185,37500.0
DreamerV3,amidar,8.0,65.04698412698413,27.178238950704245,5,12.154477960501449,42500.0
DreamerV3,amidar,9.0,71.92857142857142,27.961146854490202,5,12.504605019098902,47500.0
DreamerV3,amidar,10.0,77.44269841269842,31.925823529458725,5,14.277662329906393,52500.0
DreamerV3,amidar,11.0,80.52261904761905,15.189037241519399,5,6.792743956962653,57500.0
DreamerV3,amidar,12.0,94.81666666666666,29.39837427005483,5,13.147352659164671,62500.0
DreamerV3,amidar,13.0,87.38888888888889,29.04640469315243,5,12.98994707917155,67500.0
DreamerV3,amidar,14.0,96.4126984126984,32.94837852638983,5,14.734962826680402,72500.0
DreamerV3,amidar,15.0,101.0142857142857,31.231409890026107,5,13.96711110945152,77500.0
DreamerV3,amidar,16.0,107.74357142857143,29.84664720684378,5,13.347826410991383,82500.0
DreamerV3,amidar,17.0,108.84285714285716,28.618570236094552,5,12.798613693351925,87500.0
DreamerV3,amidar,18.0,110.55714285714285,33.823989192553256,5,15.12654782095346,92500.0
DreamerV3,amidar,19.0,107.0968253968254,23.36149930517817,5,10.447580100538499,97500.0
DreamerV3,assault,0.0,243.75,25.06311477494811,5,11.208565672932664,2500.0
DreamerV3,assault,1.0,241.275,42.06156202520301,5,18.81050238563553,7500.0
DreamerV3,assault,2.0,413.945,53.97574223667516,5,24.138685755442438,12500.0
DreamerV3,assault,3.0,421.505,62.668279456196984,5,28.026106579402,17500.0
DreamerV3,assault,4.0,472.78999999999996,59.097466104732455,5,26.429190301634293,22500.0
DreamerV3,assault,5.0,452.62333333333333,136.78145362422333,5,61.170525672999666,27500.0
DreamerV3,assault,6.0,458.38,101.77562085293313,5,45.515441335880716,32500.0
DreamerV3,assault,7.0,464.625,116.45181675268103,5,52.07883567246871,37500.0
DreamerV3,assault,8.0,474.09,69.55575461455365,5,31.10627910888733,42500.0
DreamerV3,assault,9.0,535.76,86.60939902805008,5,38.732900743424835,47500.0
DreamerV3,assault,10.0,575.0266666666666,20.146427860927513,5,9.00975644016592,52500.0
DreamerV3,assault,11.0,517.8,31.464265445104537,5,14.071247279470285,57500.0
DreamerV3,assault,12.0,590.13,33.72012752051807,5,15.080099469167967,62500.0
DreamerV3,assault,13.0,608.96,49.4419659803289,5,22.11111937464949,67500.0
DreamerV3,assault,14.0,584.2,89.4739068108686,5,40.013947568316716,72500.0
DreamerV3,assault,15.0,606.6566666666666,52.96481221842794,5,23.68658410718326,77500.0
DreamerV3,assault,16.0,641.98,60.744810477932994,5,27.165905101799932,82500.0
DreamerV3,assault,17.0,607.11,72.34492380257237,5,32.35363348991888,87500.0
DreamerV3,assault,18.0,608.0457142857142,88.24482027928012,5,39.464283361344464,92500.0
DreamerV3,assault,19.0,617.24,66.15400970462787,5,29.584972536745738,97500.0
DreamerV3,asterix,0.0,256.11111111111114,23.114425780216568,5,10.337085461087572,2500.0
DreamerV3,asterix,1.0,271.5535161432994,56.26660783286618,5,25.16319199552218,7500.0
DreamerV3,asterix,2.0,272.5238095238095,122.67931944505209,5,54.863859542509644,12500.0
DreamerV3,asterix,3.0,346.8333333333333,132.1866709325196,5,59.11567638490187,17500.0
DreamerV3,asterix,4.0,317.88461538461536,61.19461899399206,5,27.367065585553206,22500.0
DreamerV3,asterix,5.0,311.5360918321445,54.903698553288905,5,24.55368043626217,27500.0
DreamerV3,asterix,6.0,331.69504643962847,48.14323924413379,5,21.530311121383747,32500.0
DreamerV3,asterix,7.0,327.5910364145658,60.15086177302402,5,26.900283165935043,37500.0
DreamerV3,asterix,8.0,347.48294189470664,48.51021694661862,5,21.694428539180304,42500.0
DreamerV3,asterix,9.0,382.5544871794872,80.53105750248642,5,36.01458377510081,47500.0
DreamerV3,asterix,10.0,355.81944444444446,129.84638953988366,5,58.0690707288195,52500.0
DreamerV3,asterix,11.0,382.7871148459384,96.02526274648902,5,42.94380301168552,57500.0
DreamerV3,asterix,12.0,403.0192307692308,53.91570790144683,5,24.11183758453153,62500.0
DreamerV3,asterix,13.0,458.9972527472528,100.97651174757006,5,45.158068879674545,67500.0
DreamerV3,asterix,14.0,477.7863247863248,100.34728873621731,5,44.876671794396174,72500.0
DreamerV3,asterix,15.0,477.69230769230774,93.4460061484104,5,41.79032439474179,77500.0
DreamerV3,asterix,16.0,473.1859317153435,120.190683187547,5,53.750907573899234,82500.0
DreamerV3,asterix,17.0,534.5904095904095,54.09155116364763,5,24.19047708206479,87500.0
DreamerV3,asterix,18.0,480.45094611271077,75.71860057905094,5,33.86238761118257,92500.0
DreamerV3,asterix,19.0,595.5811403508771,172.17048695824428,5,76.99698251157504,97500.0
DreamerV3,bank_heist,0.0,16.0,1.685083432011456,5,0.7535922203472522,2500.0
DreamerV3,bank_heist,1.0,16.244444444444447,4.176950272656702,5,1.8679889496593334,7500.0
DreamerV3,bank_heist,2.0,13.476190476190476,1.9985290792794645,5,0.8937693752557898,12500.0
DreamerV3,bank_heist,3.0,11.952380952380953,4.186686598158716,5,1.8723431667940469,17500.0
DreamerV3,bank_heist,4.0,17.626984126984127,5.0343991803471315,5,2.2514517586250817,22500.0
DreamerV3,bank_heist,5.0,15.678571428571427,4.719228409395475,5,2.110503104951298,27500.0
DreamerV3,bank_heist,6.0,16.91111111111111,5.6498729910339405,5,2.52670001443839,32500.0
DreamerV3,bank_heist,7.0,22.0,14.103412707568335,5,6.307237905771432,37500.0
DreamerV3,bank_heist,8.0,30.416666666666668,15.425422938756205,5,6.898458854548689,42500.0
DreamerV3,bank_heist,9.0,26.492063492063494,11.086196556719996,5,4.957897822550002,47500.0
DreamerV3,bank_heist,10.0,31.583333333333332,13.367144629858522,5,5.977968811486984,52500.0
DreamerV3,bank_heist,11.0,32.46428571428571,13.676986107311501,5,6.11653413265375,57500.0
DreamerV3,bank_heist,12.0,38.285714285714285,12.342502681748933,5,5.519735001772813,62500.0
DreamerV3,bank_heist,13.0,46.58730158730159,21.484183422094148,5,9.608018914575315,67500.0
DreamerV3,bank_heist,14.0,46.42857142857143,17.85223146744818,5,7.983760622254991,72500.0
DreamerV3,bank_heist,15.0,43.892857142857146,11.420477044255522,5,5.107392601286244,77500.0
DreamerV3,bank_heist,16.0,43.41666666666667,9.130610908124142,5,4.083333333333333,82500.0
DreamerV3,bank_heist,17.0,40.3952380952381,10.465709042374398,5,4.680407370296676,87500.0
DreamerV3,bank_heist,18.0,47.55555555555556,17.217909406225473,5,7.70008317255064,92500.0
DreamerV3,bank_heist,19.0,40.44444444444444,12.237364357562992,5,5.472715713788778,97500.0
DreamerV3,battle_zone,0.0,1653.3333333333333,707.7350414448113,5,316.50873254584576,2500.0
DreamerV3,battle_zone,1.0,1996.6666666666667,794.2851433137151,5,355.2151147935259,7500.0
DreamerV3,battle_zone,2.0,4110.0,2951.355620727533,5,1319.88635874457,12500.0
DreamerV3,battle_zone,3.0,3020.0,1661.216087355552,5,742.9184193286486,17500.0
DreamerV3,battle_zone,4.0,2783.3333333333335,2039.1991892243714,5,911.9576013536301,22500.0
DreamerV3,battle_zone,5.0,3046.666666666667,937.8906593462208,5,419.4374539520496,27500.0
DreamerV3,battle_zone,6.0,3700.0,1519.091468243071,5,679.3583574062939,32500.0
DreamerV3,battle_zone,7.0,3050.0,971.1104754638143,5,434.293807359846,37500.0
DreamerV3,battle_zone,8.0,2720.0,977.6957036260764,5,437.23881092347887,42500.0
DreamerV3,battle_zone,9.0,2966.666666666667,681.093891390085,5,304.59444804161774,47500.0
DreamerV3,battle_zone,10.0,4356.666666666667,2141.507776207118,5,957.7113923887043,52500.0
DreamerV3,battle_zone,11.0,4893.333333333334,2043.6079206475324,5,913.9292459849756,57500.0
DreamerV3,battle_zone,12.0,5066.666666666666,3012.935076927111,5,1347.4255287605156,62500.0
DreamerV3,battle_zone,13.0,4493.333333333333,2447.493048452277,5,1094.5521661594955,67500.0
DreamerV3,battle_zone,14.0,3916.6666666666665,1419.1155304938666,5,634.6477588219923,72500.0
DreamerV3,battle_zone,15.0,5000.0,2365.1109910530627,5,1057.7097900653089,77500.0
DreamerV3,battle_zone,16.0,6696.666666666667,2793.156318973613,5,1249.1374802016169,82500.0
DreamerV3,battle_zone,17.0,8416.666666666668,1806.6236157232331,5,807.9466429027214,87500.0
DreamerV3,battle_zone,18.0,9816.666666666666,3447.221103052912,5,1541.6441439796238,92500.0
DreamerV3,battle_zone,19.0,10866.666666666668,1192.569587999888,5,533.3333333333334,97500.0
DreamerV3,boxing,0.0,-3.0,8.551315688243536,5,3.824264635194589,2500.0
DreamerV3,boxing,1.0,-5.7333333333333325,9.65343922593854,5,4.317149265172305,7500.0
DreamerV3,boxing,2.0,3.666666666666667,10.69527413808963,5,4.783072002152776,12500.0
DreamerV3,boxing,3.0,14.866666666666665,16.91252001723378,5,7.56350888587213,17500.0
DreamerV3,boxing,4.0,25.0,13.258121200900895,5,5.92921205182911,22500.0
DreamerV3,boxing,5.0,36.2,20.550547437963786,5,9.190484209224232,27500.0
DreamerV3,boxing,6.0,33.11666666666666,21.266464210112595,5,9.510651922975626,32500.0
DreamerV3,boxing,7.0,37.3,12.356060141575155,5,5.525798082127544,37500.0
DreamerV3,boxing,8.0,44.333333333333336,11.135528725660043,5,4.979959839195493,42500.0
DreamerV3,boxing,9.0,50.04666666666667,6.6482913427269255,5,2.9732062753121515,47500.0
DreamerV3,boxing,10.0,57.57666666666667,10.92475273048421,5,4.8856979485478265,52500.0
DreamerV3,boxing,11.0,61.51666666666667,7.998784629901943,5,3.577165233968248,57500.0
DreamerV3,boxing,12.0,61.3,6.788879796320514,5,3.036079343129519,62500.0
DreamerV3,boxing,13.0,62.82333333333334,6.300811235247585,5,2.8178084470816036,67500.0
DreamerV3,boxing,14.0,65.37666666666667,13.149501469215057,5,5.880635831079645,72500.0
DreamerV3,boxing,15.0,64.33333333333334,12.51929067035704,5,5.598796993799451,77500.0
DreamerV3,boxing,16.0,70.06031746031746,9.096757401013834,5,4.068193584698249,82500.0
DreamerV3,boxing,17.0,70.32833333333333,13.189541837717066,5,5.898542428242571,87500.0
DreamerV3,boxing,18.0,71.07111111111111,8.910631741054692,5,3.9849556590931186,92500.0
DreamerV3,boxing,19.0,70.84507936507937,7.109603156441014,5,3.1795111901698356,97500.0
DreamerV3,breakout,0.0,1.445872166480862,0.28358073436392944,5,0.12682115982941136,2500.0
DreamerV3,breakout,1.0,1.5327316017316017,0.41207323229654563,5,0.18428475182462756,7500.0
DreamerV3,breakout,2.0,1.5222222222222221,0.7517058789147932,5,0.3361730888679407,12500.0
DreamerV3,breakout,3.0,2.260553613053613,0.6801894659528644,5,0.3041899766899767,17500.0
DreamerV3,breakout,4.0,2.912150072150072,1.0137877185553574,5,0.4533796506888408,22500.0
DreamerV3,breakout,5.0,3.254212454212454,1.0767021137720392,5,0.4815158235823984,27500.0
DreamerV3,breakout,6.0,3.5025563909774435,1.0999429008867452,5,0.49190941955021517,32500.0
DreamerV3,breakout,7.0,3.9134096553601196,2.379813483543685,5,1.0642849445948512,37500.0
DreamerV3,breakout,8.0,4.0992489373371725,1.4137047170378263,5,0.6322279694817369,42500.0
DreamerV3,breakout,9.0,5.111210407239819,1.124514337441586,5,0.5028981000385047,47500.0
DreamerV3,breakout,10.0,5.248149644473174,1.4470402946803802,5,0.6471360930173314,52500.0
DreamerV3,breakout,11.0,5.647420634920635,1.0736628856398567,5,0.48015663944186043,57500.0
DreamerV3,breakout,12.0,6.1573717948717945,1.6042908965959768,5,0.717460700094538,62500.0
DreamerV3,breakout,13.0,5.711288515406162,1.081111658898755,5,0.4834878321130363,67500.0
DreamerV3,breakout,14.0,6.420594111770582,0.7206551222024361,5,0.322286768315613,72500.0
DreamerV3,breakout,15.0,6.781904761904762,1.8120327218441759,5,0.810365668699509,77500.0
DreamerV3,breakout,16.0,6.808928571428572,1.949902699037643,5,0.8720229969116966,82500.0
DreamerV3,breakout,17.0,6.843974358974359,2.109351614609699,5,0.943330719743245,87500.0
DreamerV3,breakout,18.0,6.8581684981684985,1.8022407489150107,5,0.8059865652788188,92500.0
DreamerV3,breakout,19.0,7.26025641025641,1.7692748972571875,5,0.7912437882302055,97500.0
DreamerV3,chopper_command,0.0,971.6666666666667,110.17662587358942,5,49.27248499698162,2500.0
DreamerV3,chopper_command,1.0,792.5,223.18714120665643,5,99.81232388838563,7500.0
DreamerV3,chopper_command,2.0,616.0714285714287,61.39326227739674,5,27.45590156254653,12500.0
DreamerV3,chopper_command,3.0,654.0,138.7511261215562,5,62.051389992489284,17500.0
DreamerV3,chopper_command,4.0,708.452380952381,45.23496229752996,5,20.22969013138341,22500.0
DreamerV3,chopper_command,5.0,638.952380952381,105.48043633290295,5,47.17228518734193,27500.0
DreamerV3,chopper_command,6.0,789.3333333333334,202.4103024936121,5,90.52063914440237,32500.0
DreamerV3,chopper_command,7.0,879.2380952380952,244.84934513708413,5,109.49995599456552,37500.0
DreamerV3,chopper_command,8.0,866.1904761904761,214.84319019201445,5,96.08079555445208,42500.0
DreamerV3,chopper_command,9.0,932.3809523809523,170.85850984217183,5,76.4102485082826,47500.0
DreamerV3,chopper_command,10.0,1147.1825396825398,253.32284061494235,5,113.28941837367114,52500.0
DreamerV3,chopper_command,11.0,1027.2222222222222,280.70952870569397,5,125.53711762357204,57500.0
DreamerV3,chopper_command,12.0,1047.6190476190475,141.02998185603272,5,63.07052525913022,62500.0
DreamerV3,chopper_command,13.0,1253.7142857142858,366.20307737313055,5,163.770994915187,67500.0
DreamerV3,chopper_command,14.0,1195.7936507936508,202.4267766359455,5,90.52800660482805,72500.0
DreamerV3,chopper_command,15.0,1239.404761904762,336.5997483504246,5,150.53198370417442,77500.0
DreamerV3,chopper_command,16.0,1154.753246753247,129.0064005179566,5,57.693416218143,82500.0
DreamerV3,chopper_command,17.0,1310.3030303030305,94.66110638152507,5,42.33373373888584,87500.0
DreamerV3,chopper_command,18.0,1270.6666666666665,178.9731513073648,5,80.0392264941246,92500.0
DreamerV3,chopper_command,19.0,1383.3736263736264,323.4180181542949,5,144.63693474825288,97500.0
DreamerV3,crazy_climber,0.0,9400.0,2388.5141824992374,5,1068.1760154581266,2500.0
DreamerV3,crazy_climber,1.0,6060.0,1745.8522274236157,5,780.7688518377254,7500.0
DreamerV3,crazy_climber,2.0,13360.0,3207.491231476713,5,1434.4336861632887,12500.0
DreamerV3,crazy_climber,3.0,24140.0,3884.971042363122,5,1737.4118682684311,17500.0
DreamerV3,crazy_climber,4.0,25330.0,4535.912256646947,5,2028.521629167409,22500.0
DreamerV3,crazy_climber,5.0,31090.0,12664.043588048802,5,5663.532466579492,27500.0
DreamerV3,crazy_climber,6.0,44990.0,16657.2206565201,5,7449.335540838524,32500.0
DreamerV3,crazy_climber,7.0,39910.0,17843.500217165914,5,7979.855888423049,37500.0
DreamerV3,crazy_climber,8.0,57910.0,18022.291752160712,5,8059.813893633029,42500.0
DreamerV3,crazy_climber,9.0,59930.0,18515.925577729027,5,8280.573651625833,47500.0
DreamerV3,crazy_climber,10.0,74210.0,24380.38145722909,5,10903.238051147924,52500.0
DreamerV3,crazy_climber,11.0,56990.0,24897.776005097327,5,11134.623927192153,57500.0
DreamerV3,crazy_climber,12.0,74860.0,35241.49542797524,5,15760.475881140137,62500.0
DreamerV3,crazy_climber,13.0,77490.0,15092.647216442849,5,6749.637027277838,67500.0
DreamerV3,crazy_climber,14.0,68750.0,19917.07809895819,5,8907.188108488559,72500.0
DreamerV3,crazy_climber,15.0,74860.0,21763.110990848712,5,9732.759115482104,77500.0
DreamerV3,crazy_climber,16.0,56400.0,17248.913009230466,5,7713.948405323956,82500.0
DreamerV3,crazy_climber,17.0,75270.0,22939.80165563774,5,10258.991178473641,87500.0
DreamerV3,crazy_climber,18.0,55710.0,24573.395166317576,5,10989.55640597017,92500.0
DreamerV3,crazy_climber,19.0,61416.66666666667,17273.719602010704,5,7725.042250873309,97500.0
DreamerV3,demon_attack,0.0,136.98333333333332,6.390205178413468,5,2.857786633820737,2500.0
DreamerV3,demon_attack,1.0,120.625,15.326311798124602,4,7.663155899062301,7500.0
DreamerV3,demon_attack,2.0,222.55,94.1956739983318,5,42.12558604933586,12500.0
DreamerV3,demon_attack,3.0,354.25,338.1586166283509,5,151.22913079165667,17500.0
DreamerV3,demon_attack,4.0,294.33333333333337,225.09442463108678,5,100.66528696626261,22500.0
DreamerV3,demon_attack,5.0,361.93333333333334,162.59892715239886,5,72.71645083626002,27500.0
DreamerV3,demon_attack,6.0,379.26666666666665,200.0542148740908,5,89.46696472876332,32500.0
DreamerV3,demon_attack,7.0,234.53333333333336,45.90632823720737,5,20.529934107162752,37500.0
DreamerV3,demon_attack,8.0,272.9666666666667,43.50804523303708,5,19.457389341841317,42500.0
DreamerV3,demon_attack,9.0,351.91666666666663,138.1730999708538,5,61.792888839340655,47500.0
DreamerV3,demon_attack,10.0,263.96666666666664,63.456639832951204,5,28.378672058039957,52500.0
DreamerV3,demon_attack,11.0,180.34404761904761,47.182712304609,5,21.100750415184297,57500.0
DreamerV3,demon_attack,12.0,228.85,46.84135459185612,5,20.948090605112437,62500.0
DreamerV3,demon_attack,13.0,390.225,319.4508031371967,5,142.86274225633497,67500.0
DreamerV3,demon_attack,14.0,274.34761904761905,74.50413478306584,5,33.31926199594835,72500.0
DreamerV3,demon_attack,15.0,224.1,58.36327802841632,5,26.100851412251757,77500.0
DreamerV3,demon_attack,16.0,246.65714285714284,116.13299905447958,5,51.93625606334703,82500.0
DreamerV3,demon_attack,17.0,298.2333333333333,156.07857707649126,5,69.80046163489497,87500.0
DreamerV3,demon_attack,18.0,248.34761904761905,39.56761628533365,5,17.69517594432675,92500.0
DreamerV3,demon_attack,19.0,241.1,59.70885380094163,5,26.702611191500438,97500.0
DreamerV3,freeway,0.0,0.0,0.0,5,0.0,2500.0
DreamerV3,freeway,1.0,0.0,0.0,5,0.0,7500.0
DreamerV3,freeway,2.0,0.0,0.0,5,0.0,12500.0
DreamerV3,freeway,3.0,0.0,0.0,5,0.0,17500.0
DreamerV3,freeway,4.0,0.0,0.0,5,0.0,22500.0
DreamerV3,freeway,5.0,0.0,0.0,5,0.0,27500.0
DreamerV3,freeway,6.0,0.0,0.0,5,0.0,32500.0
DreamerV3,freeway,7.0,0.0,0.0,5,0.0,37500.0
DreamerV3,freeway,8.0,0.0,0.0,5,0.0,42500.0
DreamerV3,freeway,9.0,0.0,0.0,5,0.0,47500.0
DreamerV3,freeway,10.0,0.0,0.0,5,0.0,52500.0
DreamerV3,freeway,11.0,0.0,0.0,5,0.0,57500.0
DreamerV3,freeway,12.0,0.0,0.0,5,0.0,62500.0
DreamerV3,freeway,13.0,0.0,0.0,5,0.0,67500.0
DreamerV3,freeway,14.0,0.0,0.0,5,0.0,72500.0
DreamerV3,freeway,15.0,0.0,0.0,5,0.0,77500.0
DreamerV3,freeway,16.0,0.0,0.0,5,0.0,82500.0
DreamerV3,freeway,17.0,0.0,0.0,5,0.0,87500.0
DreamerV3,freeway,18.0,0.0,0.0,5,0.0,92500.0
DreamerV3,freeway,19.0,0.0,0.0,5,0.0,97500.0
DreamerV3,frostbite,0.0,76.25641025641025,8.067072748022888,5,3.607704608803042,2500.0
DreamerV3,frostbite,1.0,78.57948717948719,12.055394824670742,5,5.391336464712587,7500.0
DreamerV3,frostbite,2.0,148.97902097902096,6.1831215423292205,5,2.765176016358296,12500.0
DreamerV3,frostbite,3.0,156.58441558441558,44.59799700687428,5,19.94483059354061,17500.0
DreamerV3,frostbite,4.0,269.0959595959596,97.40976009151035,5,43.562969047312656,22500.0
DreamerV3,frostbite,5.0,470.4701298701299,335.20054821307764,5,149.90624237992745,27500.0
DreamerV3,frostbite,6.0,713.5896103896105,627.7283755946779,5,280.72866384704395,32500.0
DreamerV3,frostbite,7.0,892.4268398268399,811.1997486274945,5,362.7795562523639,37500.0
DreamerV3,frostbite,8.0,890.6,648.7889691807438,5,290.14724762803183,42500.0
DreamerV3,frostbite,9.0,1063.82683982684,800.5835659230859,5,358.0318550146408,47500.0
DreamerV3,frostbite,10.0,906.6095238095238,657.6387418174427,5,294.10498626824705,52500.0
DreamerV3,frostbite,11.0,1055.1904761904761,716.4189652618418,5,320.3923013391077,57500.0
DreamerV3,frostbite,12.0,1368.4,844.752343721059,5,377.7847329425111,62500.0
DreamerV3,frostbite,13.0,1437.4,793.1609896834032,5,354.71237800661976,67500.0
DreamerV3,frostbite,14.0,1521.7333333333333,804.6715479001355,5,359.8600561329362,72500.0
DreamerV3,frostbite,15.0,1465.5619047619048,861.2507972870993,5,385.1630656819691,77500.0
DreamerV3,frostbite,16.0,1715.9333333333332,1066.2373198412358,5,476.8358254624377,82500.0
DreamerV3,frostbite,17.0,2037.9,1081.28698780666,5,483.56624158433556,87500.0
DreamerV3,frostbite,18.0,2001.8666666666668,1013.2023106084106,5,453.11784829605244,92500.0
DreamerV3,frostbite,19.0,1910.0666666666668,970.1481101128609,5,433.8634244910616,97500.0
DreamerV3,gopher,0.0,288.6,95.706844060391,5,42.80140184620125,2500.0
DreamerV3,gopher,1.0,404.33333333333337,103.42898798477898,5,46.254849595594955,7500.0
DreamerV3,gopher,2.0,320.5333333333333,92.74385274627222,5,41.47631184717905,12500.0
DreamerV3,gopher,3.0,283.3333333333333,75.82875444051548,5,33.91164991562633,17500.0
DreamerV3,gopher,4.0,392.1333333333333,125.7196174915523,5,56.223522163276506,22500.0
DreamerV3,gopher,5.0,506.6,128.4632243095276,5,57.450500432981435,27500.0
DreamerV3,gopher,6.0,516.7333333333333,270.05867675171794,5,120.77391182609668,32500.0
DreamerV3,gopher,7.0,448.0666666666666,173.26575605763017,5,77.4868017435514,37500.0
DreamerV3,gopher,8.0,572.2,215.34205348700473,5,96.30389400226764,42500.0
DreamerV3,gopher,9.0,640.9333333333333,211.87921087261017,5,94.75526370603377,47500.0
DreamerV3,gopher,10.0,844.0,129.19945820319836,5,57.779754239698875,52500.0
DreamerV3,gopher,11.0,824.0,56.0223169817172,5,25.0539418056321,57500.0
DreamerV3,gopher,12.0,600.8666666666667,203.02813160304223,5,90.79694072183514,62500.0
DreamerV3,gopher,13.0,799.8,135.57359624941722,5,60.63035543356148,67500.0
DreamerV3,gopher,14.0,1091.8,558.8982018221208,5,249.94687435533177,72500.0
DreamerV3,gopher,15.0,989.8,385.02298632679066,5,172.1875140653352,77500.0
DreamerV3,gopher,16.0,974.2666666666667,258.90639664214984,5,115.78646054027406,82500.0
DreamerV3,gopher,17.0,816.7333333333333,204.70716211755322,5,91.54782599518376,87500.0
DreamerV3,gopher,18.0,1049.6666666666665,249.89275477470096,5,111.75543735218329,92500.0
DreamerV3,gopher,19.0,1028.7333333333333,307.65189563675517,5,137.5861104100911,97500.0
DreamerV3,hero,0.0,492.05952380952385,326.88791228729536,5,146.18871857947624,2500.0
DreamerV3,hero,1.0,290.3333333333333,56.652213546601246,5,25.335640113206967,7500.0
DreamerV3,hero,2.0,1562.5,816.4282304988942,5,365.1178044290789,12500.0
DreamerV3,hero,3.0,2794.5238095238096,193.3472615496606,5,86.46752401769449,17500.0
DreamerV3,hero,4.0,3275.925,390.30972877318857,5,174.55181716327104,22500.0
DreamerV3,hero,5.0,3068.95,45.59884595103386,5,20.39242384841055,27500.0
DreamerV3,hero,6.0,3114.1363636363635,378.4668690912989,5,169.25552930393167,32500.0
DreamerV3,hero,7.0,3371.8416666666662,249.8373748839209,5,111.73067071210914,37500.0
DreamerV3,hero,8.0,3285.075,539.3244715113412,5,241.19323604570155,42500.0
DreamerV3,hero,9.0,4911.555555555556,1648.2605656922776,5,737.124533904038,47500.0
DreamerV3,hero,10.0,5741.118686868687,1721.821160923977,5,770.0218321847234,52500.0
DreamerV3,hero,11.0,6085.6547619047615,1965.8263483840924,5,879.1442693894029,57500.0
DreamerV3,hero,12.0,6392.3452380952385,1845.988148058408,5,825.5509969435093,62500.0
DreamerV3,hero,13.0,7230.071428571429,620.5258312562304,5,277.50758809669895,67500.0
DreamerV3,hero,14.0,6550.101190476191,1178.6327277829741,5,527.100579965747,72500.0
DreamerV3,hero,15.0,7281.575,536.9228558415073,5,240.11920086698606,77500.0
DreamerV3,hero,16.0,7526.926190476191,26.883594180362294,5,12.022708813361566,82500.0
DreamerV3,hero,17.0,7750.7619047619055,429.63097654409836,5,192.1368137584443,87500.0
DreamerV3,hero,18.0,8003.25,746.225348275012,5,333.72212105527643,92500.0
DreamerV3,hero,19.0,8965.92857142857,2368.180848255756,5,1059.0826719425968,97500.0
DreamerV3,jamesbond,0.0,29.888888888888893,9.132089669314194,5,4.083994655442022,2500.0
DreamerV3,jamesbond,1.0,23.444444444444446,8.952894559172151,5,4.003856165939388,7500.0
DreamerV3,jamesbond,2.0,33.20454545454545,8.218195645603812,5,3.6752888231925787,12500.0
DreamerV3,jamesbond,3.0,35.22222222222222,23.21848422214939,5,10.383621811046472,17500.0
DreamerV3,jamesbond,4.0,91.0,26.076809620810597,5,11.661903789690601,22500.0
DreamerV3,jamesbond,5.0,84.66666666666666,18.760182420340275,5,8.389808632435477,27500.0
DreamerV3,jamesbond,6.0,130.9047619047619,47.65248825809843,5,21.310840608423725,32500.0
DreamerV3,jamesbond,7.0,145.55555555555557,60.69460335600859,5,27.143451794284413,37500.0
DreamerV3,jamesbond,8.0,130.11507936507937,59.77526318902501,5,26.732310372720157,42500.0
DreamerV3,jamesbond,9.0,159.44444444444443,57.855183192365935,5,25.8736244937667,47500.0
DreamerV3,jamesbond,10.0,179.97222222222223,84.44263978334787,5,37.76389655101879,52500.0
DreamerV3,jamesbond,11.0,218.93650793650795,97.41347563646269,5,43.564630689530034,57500.0
DreamerV3,jamesbond,12.0,208.25396825396825,92.88528945276865,5,41.539564265226986,62500.0
DreamerV3,jamesbond,13.0,232.8968253968254,64.4192897481831,5,28.809182187838545,67500.0
DreamerV3,jamesbond,14.0,246.25,151.1414900019184,5,67.59252917297887,72500.0
DreamerV3,jamesbond,15.0,251.75,65.01629069360658,5,29.076169127158252,77500.0
DreamerV3,jamesbond,16.0,251.54761904761904,73.40470784484364,5,32.82758332191649,82500.0
DreamerV3,jamesbond,17.0,282.5,69.93300365349683,5,31.27499000799201,87500.0
DreamerV3,jamesbond,18.0,264.35714285714283,52.689405665539205,5,23.56341855244164,92500.0
DreamerV3,jamesbond,19.0,270.4761904761905,51.90121219841014,5,23.210927718057274,97500.0
DreamerV3,kangaroo,0.0,27.353535353535353,20.784334788360038,5,9.295037090777349,2500.0
DreamerV3,kangaroo,1.0,41.45454545454545,29.720460715203707,5,13.2913940963615,7500.0
DreamerV3,kangaroo,2.0,55.737373737373744,21.895252951869363,5,9.791854796986565,12500.0
DreamerV3,kangaroo,3.0,102.15151515151516,87.50563408333721,5,39.1337092449129,17500.0
DreamerV3,kangaroo,4.0,34.857142857142854,56.1646429720817,5,25.117591923516102,22500.0
DreamerV3,kangaroo,5.0,112.15384615384616,105.48681799421998,5,47.175139153044775,27500.0
DreamerV3,kangaroo,6.0,194.31857031857032,136.4003689870104,5,61.00009944220188,32500.0
DreamerV3,kangaroo,7.0,216.4102564102564,142.41788808628434,5,63.691215794577836,37500.0
DreamerV3,kangaroo,8.0,245.6581196581197,88.17693182135403,5,39.43392271998239,42500.0
DreamerV3,kangaroo,9.0,339.84615384615387,159.90953228039734,5,71.51371688583308,47500.0
DreamerV3,kangaroo,10.0,495.4343434343435,141.73791218814372,5,63.387121328317065,52500.0
DreamerV3,kangaroo,11.0,601.0,161.9386791426592,5,72.42117894990267,57500.0
DreamerV3,kangaroo,12.0,662.0,169.46976131451888,5,75.78918128598566,62500.0
DreamerV3,kangaroo,13.0,750.5555555555555,251.90937523905959,5,112.65729744080791,67500.0
DreamerV3,kangaroo,14.0,705.5555555555555,213.24759561841967,5,95.36722396823453,72500.0
DreamerV3,kangaroo,15.0,831.2222222222223,281.40120078363054,5,125.84644278045299,77500.0
DreamerV3,kangaroo,16.0,810.0,334.75737482540995,5,149.7080492157987,82500.0
DreamerV3,kangaroo,17.0,919.4444444444446,340.97717240127,5,152.489627252981,87500.0
DreamerV3,kangaroo,18.0,1017.4444444444446,378.78737643064335,5,169.39886454354402,92500.0
DreamerV3,kangaroo,19.0,1033.015873015873,375.593236144557,5,167.9704015816721,97500.0
DreamerV3,krull,0.0,1726.6666666666667,266.9373626069523,5,119.37801770473116,2500.0
DreamerV3,krull,1.0,1629.0,427.56432264631246,5,191.21257803816147,7500.0
DreamerV3,krull,2.0,2030.9,556.0460187790216,5,248.67133932160334,12500.0
DreamerV3,krull,3.0,2203.0,583.5197916285465,5,260.9579840595885,17500.0
DreamerV3,krull,4.0,3378.4,939.0849683483267,5,419.97156517501935,22500.0
DreamerV3,krull,5.0,4240.333333333334,1227.9214879443864,5,549.1431836152673,27500.0
DreamerV3,krull,6.0,4412.833333333333,571.1460822085908,5,255.4242929802184,32500.0
DreamerV3,krull,7.0,6199.5,1172.524223867275,5,524.3687739664816,37500.0
DreamerV3,krull,8.0,5760.533333333334,634.8092276862046,5,283.895317170099,42500.0
DreamerV3,krull,9.0,6588.333333333333,404.4530772125077,5,180.87691487122768,47500.0
DreamerV3,krull,10.0,7208.333333333333,637.8993846994996,5,285.2772773986741,52500.0
DreamerV3,krull,11.0,6875.5,351.5208030828332,5,157.20488223970654,57500.0
DreamerV3,krull,12.0,7146.0,814.847761854937,5,364.4109973642398,62500.0
DreamerV3,krull,13.0,7382.5,1083.4940585900783,5,484.553273644911,67500.0
DreamerV3,krull,14.0,7385.166666666666,1698.2104960483814,5,759.4628218535637,72500.0
DreamerV3,krull,15.0,7396.0,980.7659634183887,5,438.61187284431776,77500.0
DreamerV3,krull,16.0,8013.333333333333,1697.750451987047,5,759.257083894806,82500.0
DreamerV3,krull,17.0,8926.833333333334,1079.0531471824938,5,482.56723768702835,87500.0
DreamerV3,krull,18.0,7691.333333333333,1121.3391981118918,5,501.4781345626588,92500.0
DreamerV3,krull,19.0,8109.833333333333,1262.2281610531259,5,564.4855942458684,97500.0
DreamerV3,kung_fu_master,0.0,373.0,144.72387501722028,5,64.72248450113761,2500.0
DreamerV3,kung_fu_master,1.0,398.66666666666663,123.84129628951185,5,55.38351138500819,7500.0
DreamerV3,kung_fu_master,2.0,847.6666666666667,535.7362535178419,5,239.58853617539106,12500.0
DreamerV3,kung_fu_master,3.0,4580.666666666667,2540.140416066272,5,1135.9853285437566,17500.0
DreamerV3,kung_fu_master,4.0,6808.333333333333,2393.1035172855445,4,1196.5517586427723,22500.0
DreamerV3,kung_fu_master,5.0,16010.0,8218.378793898466,5,3675.3707295999407,27500.0
DreamerV3,kung_fu_master,6.0,15173.333333333334,9438.165723392562,5,4220.876028082849,32500.0
DreamerV3,kung_fu_master,7.0,19453.333333333332,9637.559626562917,5,4310.047692440434,37500.0
DreamerV3,kung_fu_master,8.0,17723.333333333332,10043.845545075517,5,4491.744278859457,42500.0
DreamerV3,kung_fu_master,9.0,25630.0,20003.237238007252,5,8945.71964684787,47500.0
DreamerV3,kung_fu_master,10.0,21390.0,7890.849130480192,5,3528.8950111897634,52500.0
DreamerV3,kung_fu_master,11.0,22863.333333333332,13976.321245433492,5,6250.4008760327615,57500.0
DreamerV3,kung_fu_master,12.0,20196.666666666668,9785.323477308022,5,4376.129695417071,62500.0
DreamerV3,kung_fu_master,13.0,21710.0,3715.9117319979496,5,1661.806246227279,67500.0
DreamerV3,kung_fu_master,14.0,22510.0,9577.604084529701,5,4283.234758917611,72500.0
DreamerV3,kung_fu_master,15.0,22900.0,7206.2472896785885,5,3222.7317604789882,77500.0
DreamerV3,kung_fu_master,16.0,24160.0,7533.790546597376,5,3369.213558087406,82500.0
DreamerV3,kung_fu_master,17.0,21670.0,11484.641918666859,5,5136.088005476541,87500.0
DreamerV3,kung_fu_master,18.0,21880.0,6145.892937564077,5,2748.526878165829,92500.0
DreamerV3,kung_fu_master,19.0,21140.0,4802.395235713113,5,2147.696440375129,97500.0
DreamerV3,ms_pacman,0.0,260.6,55.034534612368624,5,24.612192100664256,2500.0
DreamerV3,ms_pacman,1.0,394.52777777777777,114.76036828814041,5,51.322396923038625,7500.0
DreamerV3,ms_pacman,2.0,412.30555555555554,26.282240635826817,5,11.753775332543212,12500.0
DreamerV3,ms_pacman,3.0,560.9722222222223,239.635521691115,5,107.1682632649917,17500.0
DreamerV3,ms_pacman,4.0,500.63888888888886,103.53268181450584,5,46.30122288601826,22500.0
DreamerV3,ms_pacman,5.0,563.6071428571429,310.4699470322435,5,138.8463813069711,27500.0
DreamerV3,ms_pacman,6.0,650.7142857142857,248.13009234994416,5,110.96715075155514,32500.0
DreamerV3,ms_pacman,7.0,627.754761904762,234.25244597807722,5,104.76087862051557,37500.0
DreamerV3,ms_pacman,8.0,872.1269841269841,322.63170087840194,5,144.28528297209706,42500.0
DreamerV3,ms_pacman,9.0,863.7222222222223,156.65011732922275,5,70.05606220629197,47500.0
DreamerV3,ms_pacman,10.0,955.1428571428572,200.6865766333571,5,89.74976550478146,52500.0
DreamerV3,ms_pacman,11.0,1077.9722222222222,411.5807846388733,5,184.06452253704438,57500.0
DreamerV3,ms_pacman,12.0,1094.3095238095239,249.76426527551286,5,111.69797510126739,62500.0
DreamerV3,ms_pacman,13.0,1056.0,168.0550505042916,5,75.15650337795125,67500.0
DreamerV3,ms_pacman,14.0,1348.031746031746,574.785552154,5,257.0519134202189,72500.0
DreamerV3,ms_pacman,15.0,1331.3333333333335,461.5895129573702,5,206.42910573473992,77500.0
DreamerV3,ms_pacman,16.0,1303.5238095238096,278.5396502020742,5,124.56671845617018,82500.0
DreamerV3,ms_pacman,17.0,1499.7142857142858,446.614864701623,5,199.73223944694007,87500.0
DreamerV3,ms_pacman,18.0,1589.1714285714286,398.17727794438724,5,178.0702921158955,92500.0
DreamerV3,ms_pacman,19.0,1765.9619047619046,857.880222123231,5,383.65569864403267,97500.0
DreamerV3,pong,0.0,-20.05,0.3905124837953326,5,0.17464249196572976,2500.0
DreamerV3,pong,1.0,-20.6,0.252762514801719,5,0.11303883305208809,7500.0
DreamerV3,pong,2.0,-20.8,0.273861278752583,5,0.12247448713915887,12500.0
DreamerV3,pong,3.0,-20.8,0.2738612787525827,5,0.12247448713915875,17500.0
DreamerV3,pong,4.0,-20.642857142857146,0.1438457853999356,5,0.06432979088622055,22500.0
DreamerV3,pong,5.0,-20.566666666666666,0.4013864859597422,5,0.17950549357114967,27500.0
DreamerV3,pong,6.0,-20.1,0.5196152422706629,5,0.2323790007724449,32500.0
DreamerV3,pong,7.0,-17.8,1.6090024514862886,5,0.7195677714974298,37500.0
DreamerV3,pong,8.0,-17.366666666666667,1.2494443209327553,5,0.5587684871413409,42500.0
DreamerV3,pong,9.0,-15.2,2.2466023729672817,5,1.0047111248734355,47500.0
DreamerV3,pong,10.0,-14.933333333333332,1.4073221221723036,5,0.629373586283307,52500.0
DreamerV3,pong,11.0,-13.9,2.3021728866442674,5,1.0295630140987,57500.0
DreamerV3,pong,12.0,-13.533333333333335,3.1937438845342623,5,1.42828568570857,62500.0
DreamerV3,pong,13.0,-14.933333333333334,2.9828211850900863,5,1.333958186917583,67500.0
DreamerV3,pong,14.0,-11.3,5.179285665031424,5,2.3162469643800936,72500.0
DreamerV3,pong,15.0,-11.666666666666666,4.379561114490304,5,1.9585992727230117,77500.0
DreamerV3,pong,16.0,-14.166666666666666,2.084999333866134,5,0.932440048713291,82500.0
DreamerV3,pong,17.0,-8.7,4.631414470763764,5,2.071231517720798,87500.0
DreamerV3,pong,18.0,-10.0,3.5355339059327378,5,1.5811388300841895,92500.0
DreamerV3,pong,19.0,-4.7,6.515366451704771,5,2.9137604568666933,97500.0
DreamerV3,private_eye,0.0,100.0,0.0,5,0.0,2500.0
DreamerV3,private_eye,1.0,67.2,55.87217554382503,5,24.986796513358808,7500.0
DreamerV3,private_eye,2.0,327.4,958.4773341086371,5,428.6440947919381,12500.0
DreamerV3,private_eye,3.0,421.8,775.8712522061892,5,346.9801723441845,17500.0
DreamerV3,private_eye,4.0,927.0,1849.228217392326,5,827.0,22500.0
DreamerV3,private_eye,5.0,1005.9,2025.6539808170594,5,905.8999999999999,27500.0
DreamerV3,private_eye,6.0,0.0,223.60679774997897,5,100.0,32500.0
DreamerV3,private_eye,7.0,53.6,103.75355415599024,5,46.4,37500.0
DreamerV3,private_eye,8.0,39.8,134.61129224548733,5,60.199999999999996,42500.0
DreamerV3,private_eye,9.0,29.4,157.86639921148515,5,70.6,47500.0
DreamerV3,private_eye,10.0,-90.0,265.5183609470351,5,118.74342087037917,52500.0
DreamerV3,private_eye,11.0,-30.0,290.68883707497264,5,129.99999999999997,57500.0
DreamerV3,private_eye,12.0,399.4,669.478752463437,5,299.4,62500.0
DreamerV3,private_eye,13.0,680.0,1970.2791680368546,5,881.1356308764275,67500.0
DreamerV3,private_eye,14.0,966.2,1936.882082110318,5,866.2,72500.0
DreamerV3,private_eye,15.0,349.9,558.7933875771974,5,249.89999999999998,77500.0
DreamerV3,private_eye,16.0,533.2,968.6646478529088,5,433.19999999999993,82500.0
DreamerV3,private_eye,17.0,845.3,1666.5414636305932,5,745.3,87500.0
DreamerV3,private_eye,18.0,937.0,1871.588897167324,5,836.9999999999999,92500.0
DreamerV3,private_eye,19.0,856.8,1692.2562453718408,5,756.8,97500.0
DreamerV3,qbert,0.0,163.26190476190476,40.215335913434636,5,17.98484496808569,2500.0
DreamerV3,qbert,1.0,154.41666666666669,44.12670165116707,5,19.734060902972352,7500.0
DreamerV3,qbert,2.0,273.3138736263736,94.65534810722335,5,42.33115856033149,12500.0
DreamerV3,qbert,3.0,306.48370012340604,48.64217319600737,5,21.753441167918137,17500.0
DreamerV3,qbert,4.0,349.7973901098901,44.36855780189693,5,19.842222261734033,22500.0
DreamerV3,qbert,5.0,471.0592948717949,102.74328680023632,5,45.94819470341705,27500.0
DreamerV3,qbert,6.0,546.0833333333334,146.57951956380384,5,65.55235397078513,32500.0
DreamerV3,qbert,7.0,522.0207917082918,135.84357286156668,5,60.751092644981746,37500.0
DreamerV3,qbert,8.0,555.1930361305361,163.9705616196101,5,73.32986441805323,42500.0
DreamerV3,qbert,9.0,580.7490842490843,121.54952353829245,5,54.358599452866535,47500.0
DreamerV3,qbert,10.0,627.1331168831168,164.2834923942455,5,73.46981131492052,52500.0
DreamerV3,qbert,11.0,712.4811577311577,73.85224900051035,5,33.02772981127641,57500.0
DreamerV3,qbert,12.0,729.0378787878788,26.788172304027523,5,11.98003485295654,62500.0
DreamerV3,qbert,13.0,715.1439393939394,73.00055387100099,5,32.646840170138724,67500.0
DreamerV3,qbert,14.0,806.1616161616162,177.65159681389144,5,79.44820935744926,72500.0
DreamerV3,qbert,15.0,839.1717171717171,196.29279359613201,5,87.78480599485731,77500.0
DreamerV3,qbert,16.0,855.7121212121212,269.84103340740546,5,120.67657876355005,82500.0
DreamerV3,qbert,17.0,874.2032828282829,178.1047233459215,5,79.65085370305485,87500.0
DreamerV3,qbert,18.0,1010.1123737373737,170.16904239365047,5,76.10190929164919,92500.0
DreamerV3,qbert,19.0,1091.2121212121212,340.71027056923504,5,152.3702651250311,97500.0
DreamerV3,road_runner,0.0,27.22222222222222,41.12612338515944,5,18.39216150805205,2500.0
DreamerV3,road_runner,1.0,477.1882065303118,303.35590025615227,5,135.66488286968047,7500.0
DreamerV3,road_runner,2.0,1095.5219780219782,339.45656262572504,5,151.80958988790712,12500.0
DreamerV3,road_runner,3.0,1838.8333333333333,552.7097389729581,5,247.17930963393982,17500.0
DreamerV3,road_runner,4.0,3988.571428571429,1607.461300021173,5,718.8785476095053,22500.0
DreamerV3,road_runner,5.0,5251.428571428571,1664.0724708403227,5,744.1958328569996,27500.0
DreamerV3,road_runner,6.0,6408.0952380952385,1552.887187396446,5,694.4722624813816,32500.0
DreamerV3,road_runner,7.0,7780.357142857143,1649.007470497057,5,737.4585598872796,37500.0
DreamerV3,road_runner,8.0,9516.666666666668,1550.5984507781366,5,693.448708349155,42500.0
DreamerV3,road_runner,9.0,10784.0,3490.6560987871608,5,1561.0688645924624,47500.0
DreamerV3,road_runner,10.0,11189.0,4757.64174775697,5,2127.6820721150984,52500.0
DreamerV3,road_runner,11.0,12662.666666666668,4872.855311712927,5,2179.207144302206,57500.0
DreamerV3,road_runner,12.0,12905.666666666668,5408.205391398846,5,2418.622978289735,62500.0
DreamerV3,road_runner,13.0,13977.0,5088.469317977657,5,2275.6326592840064,67500.0
DreamerV3,road_runner,14.0,13452.0,5774.989826830866,5,2582.653964432711,72500.0
DreamerV3,road_runner,15.0,13054.666666666668,4474.076316837799,5,2000.8677561942409,77500.0
DreamerV3,road_runner,16.0,13060.0,5760.719356122116,5,2576.2720159175738,82500.0
DreamerV3,road_runner,17.0,12832.0,4806.810330724061,5,2149.670930889449,87500.0
DreamerV3,road_runner,18.0,13275.0,5060.00494070905,5,2262.903002782046,92500.0
DreamerV3,road_runner,19.0,13449.666666666666,5620.104091562719,5,2513.386957871788,97500.0
DreamerV3,seaquest,0.0,90.18412698412699,39.08377729659991,5,17.478796570532072,2500.0
DreamerV3,seaquest,1.0,113.25714285714284,44.170431748131314,5,19.753617596867297,7500.0
DreamerV3,seaquest,2.0,185.40115440115443,100.0650889995369,5,44.75046823550618,12500.0
DreamerV3,seaquest,3.0,228.0,46.764183825753754,5,20.913578789336313,17500.0
DreamerV3,seaquest,4.0,324.06666666666666,34.881067771627755,5,15.599287733027353,22500.0
DreamerV3,seaquest,5.0,289.4,59.534023885506016,5,26.62442487641752,27500.0
DreamerV3,seaquest,6.0,459.4,199.38856536923075,5,89.16927722035207,32500.0
DreamerV3,seaquest,7.0,429.8,131.70961324907998,5,58.90232970302995,37500.0
DreamerV3,seaquest,8.0,438.0,129.47758278730893,5,57.90413533495589,42500.0
DreamerV3,seaquest,9.0,435.3333333333333,89.55445270895244,5,40.04996878900157,47500.0
DreamerV3,seaquest,10.0,394.1714285714286,88.08845276314078,5,39.39435368223239,52500.0
DreamerV3,seaquest,11.0,382.4666666666667,84.39905212737878,5,37.74440355867344,57500.0
DreamerV3,seaquest,12.0,369.0,93.55331219268626,5,41.83831311662128,62500.0
DreamerV3,seaquest,13.0,410.4,84.42926033076448,5,37.75791307792315,67500.0
DreamerV3,seaquest,14.0,404.1333333333333,145.7352241414393,5,65.17477357928533,72500.0
DreamerV3,seaquest,15.0,397.0,68.97463301823359,5,30.846393630374358,77500.0
DreamerV3,seaquest,16.0,385.6,57.851534119675684,5,25.871992578848655,82500.0
DreamerV3,seaquest,17.0,403.0,41.018288603987365,5,18.34393632784414,87500.0
DreamerV3,seaquest,18.0,429.6,56.10971395400266,5,25.093026919843687,92500.0
DreamerV3,seaquest,19.0,387.3333333333333,101.8891009327734,5,45.56619117040371,97500.0
DreamerV3,up_n_down,0.0,452.11111111111114,149.8066655293984,5,66.99557752126186,2500.0
DreamerV3,up_n_down,1.0,1148.0833333333335,173.44887975680004,5,77.56869715147842,7500.0
DreamerV3,up_n_down,2.0,1184.861111111111,364.90887582288406,5,163.19221038659964,12500.0
DreamerV3,up_n_down,3.0,2001.5492063492063,955.6423863412152,5,427.3762676078147,17500.0
DreamerV3,up_n_down,4.0,8771.91111111111,11751.608090222071,5,5255.478906934606,22500.0
DreamerV3,up_n_down,5.0,3739.910714285714,2889.4582674797025,4,1444.7291337398512,27500.0
DreamerV3,up_n_down,6.0,4475.833333333333,3040.995245529551,3,1755.7194236108585,32500.0
DreamerV3,up_n_down,7.0,21459.52380952381,32080.086504144256,4,16040.043252072128,37500.0
DreamerV3,up_n_down,8.0,30306.428571428572,39687.88332291181,2,28063.571428571428,42500.0
DreamerV3,up_n_down,9.0,6743.809523809524,6561.277494381459,2,4639.523809523809,47500.0
DreamerV3,up_n_down,10.0,3083.214285714286,1261.1754518734351,2,891.7857142857142,52500.0
DreamerV3,up_n_down,11.0,31304.285714285714,37026.755935431895,3,21377.407506540178,57500.0
DreamerV3,up_n_down,12.0,52507.583333333336,91366.86184476902,4,45683.43092238451,62500.0
DreamerV3,up_n_down,13.0,24795.416666666664,22014.751257206306,4,11007.375628603153,67500.0
DreamerV3,up_n_down,14.0,10365.607142857143,8159.862163180751,4,4079.9310815903755,72500.0
DreamerV3,up_n_down,15.0,7505.0,6375.9419057253945,4,3187.9709528626972,77500.0
DreamerV3,up_n_down,16.0,53220.555555555555,76394.11648981391,3,44106.16371989769,82500.0
DreamerV3,up_n_down,17.0,24833.5,17325.37009705709,4,8662.685048528545,87500.0
DreamerV3,up_n_down,18.0,13822.8125,11232.129434823346,4,5616.064717411673,92500.0
DreamerV3,up_n_down,19.0,15365.555555555555,14506.022631741364,3,8375.05607130668,97500.0
Full CoRe-WM,alien,,201.6,8.384509526501835,5,3.7496666518505357,10000.0
Full CoRe-WM,alien,,278.4,46.2849867667692,5,20.699275349634828,20000.0
Full CoRe-WM,alien,,245.4,91.64223916950087,5,40.98365527865956,30000.0
Full CoRe-WM,alien,,354.0,59.06775770248944,5,26.415904300250634,40000.0
Full CoRe-WM,alien,,368.8,118.3245536649093,5,52.91634908041181,50000.0
Full CoRe-WM,alien,,444.6,338.66989827854496,5,151.4577828967531,60000.0
Full CoRe-WM,alien,,548.0,146.26858856227472,5,65.4133013996389,70000.0
Full CoRe-WM,alien,,391.4,35.68332944107094,5,15.958070058750838,80000.0
Full CoRe-WM,alien,,434.4,56.8796976081976,5,25.437374078312406,90000.0
Full CoRe-WM,alien,,518.24,80.44990988186375,5,35.97829345591588,100000.0
Full CoRe-WM,amidar,,7.359999999999999,7.0670361538625235,5,3.160474647897053,10000.0
Full CoRe-WM,amidar,,29.02,14.405276810946745,5,6.442235636795662,20000.0
Full CoRe-WM,amidar,,56.08,16.945117290830417,5,7.578086829800777,30000.0
Full CoRe-WM,amidar,,60.48,10.125067901006888,5,4.528068020690503,40000.0
Full CoRe-WM,amidar,,69.32000000000001,18.53097407045836,5,8.287303542166173,50000.0
Full CoRe-WM,amidar,,72.46000000000001,12.4568455075914,5,5.570870668037448,60000.0
Full CoRe-WM,amidar,,99.62,15.574081032279237,5,6.964940775053294,70000.0
Full CoRe-WM,amidar,,96.44000000000001,21.728966841522865,5,9.717489387696805,80000.0
Full CoRe-WM,amidar,,106.97999999999999,16.360684582253878,5,7.316720576870484,90000.0
Full CoRe-WM,amidar,,112.588,34.28553149653655,5,15.332955814193163,100000.0
Full CoRe-WM,assault,,194.45999999999998,68.95870503424496,5,30.839270419385738,10000.0
Full CoRe-WM,assault,,395.21999999999997,41.10853925889366,5,18.38429764772101,20000.0
Full CoRe-WM,assault,,505.68,74.17787405958734,5,33.17335376473111,30000.0
Full CoRe-WM,assault,,492.66,69.42080379828515,5,31.04592726912824,40000.0
Full CoRe-WM,assault,,568.6800000000001,75.06435239179781,5,33.56979892701177,50000.0
Full CoRe-WM,assault,,558.6,64.19614474405769,5,28.709388708225767,60000.0
Full CoRe-WM,assault,,591.36,75.09665771524053,5,33.58424630686237,70000.0
Full CoRe-WM,assault,,583.3799999999999,31.5139968902708,5,14.093487857872498,80000.0
Full CoRe-WM,assault,,667.38,27.154226190410963,5,12.143739127632811,90000.0
Full CoRe-WM,assault,,626.492,30.431430626902845,5,13.60934950686476,100000.0
Full CoRe-WM,asterix,,206.0,34.8926926447358,5,15.604486534327235,10000.0
Full CoRe-WM,asterix,,217.0,68.33739825307956,5,30.56141357987225,20000.0
Full CoRe-WM,asterix,,215.0,35.531676008879735,5,15.8902485820707,30000.0
Full CoRe-WM,asterix,,246.0,42.190046219457976,5,18.867962264113206,40000.0
Full CoRe-WM,asterix,,307.0,89.27485648266257,5,39.924929555354254,50000.0
Full CoRe-WM,asterix,,354.0,75.3657747256671,5,33.704599092705436,60000.0
Full CoRe-WM,asterix,,451.0,36.810324638611924,5,16.462077633154326,70000.0
Full CoRe-WM,asterix,,460.0,60.41522986797286,5,27.018512172212592,80000.0
Full CoRe-WM,asterix,,528.0,61.40032573203501,5,27.45906043549196,90000.0
Full CoRe-WM,asterix,,544.9,19.135699621388305,5,8.557745030088247,100000.0
Full CoRe-WM,bank_heist,,12.8,6.1400325732035,5,2.745906043549196,10000.0
Full CoRe-WM,bank_heist,,11.8,5.718391382198319,5,2.5573423705088842,20000.0
Full CoRe-WM,bank_heist,,8.8,8.757853618324527,5,3.9166312055132275,30000.0
Full CoRe-WM,bank_heist,,17.0,5.291502622129181,5,2.3664319132398464,40000.0
Full CoRe-WM,bank_heist,,20.2,9.833615815151617,5,4.3977266854592045,50000.0
Full CoRe-WM,bank_heist,,20.4,7.503332592921629,5,3.3555923471125038,60000.0
Full CoRe-WM,bank_heist,,22.0,7.842193570679061,5,3.507135583350036,70000.0
Full CoRe-WM,bank_heist,,20.6,3.646916505762094,5,1.6309506430300091,80000.0
Full CoRe-WM,bank_heist,,21.8,6.058052492344383,5,2.709243436828813,90000.0
Full CoRe-WM,bank_heist,,27.079999999999995,5.666303909957529,5,2.5340481447675764,100000.0
Full CoRe-WM,battle_zone,,2460.0,1013.903348450926,5,453.4313619501853,10000.0
Full CoRe-WM,battle_zone,,2740.0,850.2940667792526,5,380.26306683663086,20000.0
Full CoRe-WM,battle_zone,,2840.0,1467.310464761974,5,656.2011886609166,30000.0
Full CoRe-WM,battle_zone,,2440.0,1270.0393694685217,5,567.9788728465171,40000.0
Full CoRe-WM,battle_zone,,1640.0,1619.5678435928517,5,724.2927584892727,50000.0
Full CoRe-WM,battle_zone,,3600.0,1606.237840420901,5,718.3313998427187,60000.0
Full CoRe-WM,battle_zone,,4900.0,1488.2876066137217,5,665.5824516917494,70000.0
Full CoRe-WM,battle_zone,,3440.0,829.4576541331088,5,370.9447398198281,80000.0
Full CoRe-WM,battle_zone,,7180.0,4778.284210885744,5,2136.913662270893,90000.0
Full CoRe-WM,battle_zone,,11022.0,4528.616786613767,5,2025.2589957830082,100000.0
Full CoRe-WM,boxing,,-6.76,13.45429299517444,5,6.016942745281859,10000.0
Full CoRe-WM,boxing,,0.3200000000000003,28.306659993718792,5,12.659123192385797,20000.0
Full CoRe-WM,boxing,,18.56,25.95607828621265,5,11.607911095455545,30000.0
Full CoRe-WM,boxing,,33.660000000000004,34.68591933335485,5,15.512014698291127,40000.0
Full CoRe-WM,boxing,,49.38,10.084245137837536,5,4.509811525995294,50000.0
Full CoRe-WM,boxing,,55.54,10.94248600638813,5,4.893628510624811,60000.0
Full CoRe-WM,boxing,,69.67999999999999,4.919552825206775,5,2.200090907212698,70000.0
Full CoRe-WM,boxing,,68.86,9.550026177974594,5,4.270901544170739,80000.0
Full CoRe-WM,boxing,,67.46000000000001,10.472726483585829,5,4.6835456654120495,90000.0
Full CoRe-WM,boxing,,76.7,5.756400785212924,5,2.5743406922938528,100000.0
Full CoRe-WM,breakout,,1.5,0.5244044240850758,5,0.2345207879911715,10000.0
Full CoRe-WM,breakout,,1.7599999999999998,0.691375440697744,5,0.309192496674806,20000.0
Full CoRe-WM,breakout,,2.2600000000000002,0.9528903399657275,5,0.4261455150532502,30000.0
Full CoRe-WM,breakout,,2.8600000000000003,1.5142654985173505,5,0.6772001181334805,40000.0
Full CoRe-WM,breakout,,4.34,1.3334166640626628,5,0.5963220606350229,50000.0
Full CoRe-WM,breakout,,4.32,1.4855975228843104,5,0.6643794096749235,60000.0
Full CoRe-WM,breakout,,4.68,2.267597847943943,5,1.0141005867269777,70000.0
Full CoRe-WM,breakout,,5.32,1.9070920271449932,5,0.8528774824088158,80000.0
Full CoRe-WM,breakout,,6.24,1.0014988766843425,5,0.44788391353117374,90000.0
Full CoRe-WM,breakout,,6.609999999999999,1.4633010626661893,5,0.6544081295338557,100000.0
Full CoRe-WM,chopper_command,,788.0,196.7739820199815,5,88.0,10000.0
Full CoRe-WM,chopper_command,,558.0,220.83930809527547,5,98.76234100101111,20000.0
Full CoRe-WM,chopper_command,,692.0,80.74651695274541,5,36.11094017053558,30000.0
Full CoRe-WM,chopper_command,,746.0,138.13037319865606,5,61.773780845922,40000.0
Full CoRe-WM,chopper_command,,750.0,162.0185174601965,5,72.45688373094718,50000.0
Full CoRe-WM,chopper_command,,878.0,208.8540160016082,5,93.40235543068495,60000.0
Full CoRe-WM,chopper_command,,1032.0,185.930094390338,5,83.15046602394962,70000.0
Full CoRe-WM,chopper_command,,976.0,265.57484820667787,5,118.76868274086397,80000.0
Full CoRe-WM,chopper_command,,860.0,244.54038521274967,5,109.36178491593851,90000.0
Full CoRe-WM,chopper_command,,1141.6,168.6010083006623,5,75.40066312705744,100000.0
Full CoRe-WM,crazy_climber,,8282.0,4504.844059454223,5,2014.6275089951491,10000.0
Full CoRe-WM,crazy_climber,,19416.0,6895.087381607284,5,3083.576819214984,20000.0
Full CoRe-WM,crazy_climber,,26710.0,9442.915333730361,5,4223.00011839924,30000.0
Full CoRe-WM,crazy_climber,,38592.0,9491.357647881572,5,4244.6641798851415,40000.0
Full CoRe-WM,crazy_climber,,48620.0,6641.825803195986,5,2970.314798131673,50000.0
Full CoRe-WM,crazy_climber,,46456.0,8079.5160746173415,5,3613.2694336293275,60000.0
Full CoRe-WM,crazy_climber,,47686.0,6270.971216645791,5,2804.4635850729096,70000.0
Full CoRe-WM,crazy_climber,,54534.0,6378.673843362741,5,2852.6296640117866,80000.0
Full CoRe-WM,crazy_climber,,58480.0,11216.795442549534,5,5016.303419850118,90000.0
Full CoRe-WM,crazy_climber,,58110.8,6741.967494730304,5,3015.099524062183,100000.0
Full CoRe-WM,demon_attack,,145.2,91.49631140106142,5,40.91839439665247,10000.0
Full CoRe-WM,demon_attack,,274.6,122.30106295531532,5,54.69469809771327,20000.0
Full CoRe-WM,demon_attack,,303.7,139.6417738357688,5,62.44969975908611,30000.0
Full CoRe-WM,demon_attack,,266.3,95.42968615687678,5,42.67745306364943,40000.0
Full CoRe-WM,demon_attack,,269.6,122.44560016595126,5,54.75933710336531,50000.0
Full CoRe-WM,demon_attack,,275.9,65.72518543146151,5,29.393196491705357,60000.0
Full CoRe-WM,demon_attack,,223.8,68.25467016988654,5,30.52441645633868,70000.0
Full CoRe-WM,demon_attack,,223.9,90.31362023526684,5,40.389478828031436,80000.0
Full CoRe-WM,demon_attack,,228.7,62.26315122124803,5,27.844927724811928,90000.0
Full CoRe-WM,demon_attack,,284.51,113.12954631748508,5,50.59307116592153,100000.0
Full CoRe-WM,freeway,,0.0,0.0,5,0.0,10000.0
Full CoRe-WM,freeway,,0.0,0.0,5,0.0,20000.0
Full CoRe-WM,freeway,,0.0,0.0,5,0.0,30000.0
Full CoRe-WM,freeway,,0.0,0.0,5,0.0,40000.0
Full CoRe-WM,freeway,,0.0,0.0,5,0.0,50000.0
Full CoRe-WM,freeway,,0.0,0.0,5,0.0,60000.0
Full CoRe-WM,freeway,,0.1,0.0,5,0.0,70000.0
Full CoRe-WM,freeway,,0.02,0.044721359549995794,5,0.02,80000.0
Full CoRe-WM,freeway,,0.1,0.22360679774997896,5,0.09999999999999999,90000.0
Full CoRe-WM,freeway,,0.0,0.0,5,0.0,100000.0
Full CoRe-WM,frostbite,,86.6,45.61030585295389,5,20.397548872352285,10000.0
Full CoRe-WM,frostbite,,380.4,449.961442792602,5,201.22887466762816,20000.0
Full CoRe-WM,frostbite,,474.8,570.0541202377192,5,254.93595274107574,30000.0
Full CoRe-WM,frostbite,,458.0,540.1504420066691,5,241.562621280694,40000.0
Full CoRe-WM,frostbite,,477.6,427.9203196858032,5,191.37178475417946,50000.0
Full CoRe-WM,frostbite,,687.0,666.0987164077109,5,297.8884019225992,60000.0
Full CoRe-WM,frostbite,,648.4,455.85337554963877,5,203.86382710034655,70000.0
Full CoRe-WM,frostbite,,1262.4,976.3525490313425,5,436.6381339278556,80000.0
Full CoRe-WM,frostbite,,1295.2,1113.8777760598332,5,498.14128517921495,90000.0
Full CoRe-WM,frostbite,,1570.6,1161.0500979716594,5,519.2373888694842,100000.0
Full CoRe-WM,gopher,,306.4,32.35428874198906,5,14.469277798148738,10000.0
Full CoRe-WM,gopher,,424.0,65.5286197016235,5,29.305289624912422,20000.0
Full CoRe-WM,gopher,,387.2,87.87035905241312,5,39.296819209701944,30000.0
Full CoRe-WM,gopher,,450.8,98.33209038762473,5,43.97544769527651,40000.0
Full CoRe-WM,gopher,,538.4,121.60098683810095,5,54.38161454021019,50000.0
Full CoRe-WM,gopher,,582.4,147.71865149668812,5,66.06178925823913,60000.0
Full CoRe-WM,gopher,,846.8,54.728420404758616,5,24.475293665245363,70000.0
Full CoRe-WM,gopher,,927.6,204.79941406166182,5,91.58908231880042,80000.0
Full CoRe-WM,gopher,,1393.2,364.918072997214,5,163.19632348800016,90000.0
Full CoRe-WM,gopher,,1405.84,245.2081727838613,5,109.66042859664553,100000.0
Full CoRe-WM,hero,,288.2,402.090257280626,5,179.82022967397188,10000.0
Full CoRe-WM,hero,,2789.0,158.45267432265067,5,70.86219020041646,20000.0
Full CoRe-WM,hero,,2907.6,172.88666808056655,5,77.31726844631798,30000.0
Full CoRe-WM,hero,,3099.6,86.05477906543022,5,38.48486715580556,40000.0
Full CoRe-WM,hero,,3239.3,146.73087609634183,5,65.62004266990385,50000.0
Full CoRe-WM,hero,,3618.5,1094.4592271985284,5,489.4570461235592,60000.0
Full CoRe-WM,hero,,5022.6,1864.097549754304,5,833.649767588284,70000.0
Full CoRe-WM,hero,,6629.1,1251.641242529184,5,559.7509803475112,80000.0
Full CoRe-WM,hero,,7531.3,31.463470882914358,5,14.070891940456365,90000.0
Full CoRe-WM,hero,,7502.05,73.14655665169754,5,32.71213459864702,100000.0
Full CoRe-WM,jamesbond,,19.0,11.937336386313323,5,5.338539126015656,10000.0
Full CoRe-WM,jamesbond,,60.0,32.4037034920393,5,14.491376746189436,20000.0
Full CoRe-WM,jamesbond,,99.0,40.3732584763727,5,18.055470085267785,30000.0
Full CoRe-WM,jamesbond,,125.0,30.618621784789728,5,13.693063937629153,40000.0
Full CoRe-WM,jamesbond,,145.0,94.00797838481583,5,42.04164601915581,50000.0
Full CoRe-WM,jamesbond,,169.0,80.34301463101818,5,35.93048844644336,60000.0
Full CoRe-WM,jamesbond,,239.0,110.19301248264338,5,49.27981331133469,70000.0
Full CoRe-WM,jamesbond,,211.0,37.6497011940334,5,16.837458240482736,80000.0
Full CoRe-WM,jamesbond,,232.0,162.08022704821215,5,72.48448109768049,90000.0
Full CoRe-WM,jamesbond,,351.0,250.79398916241993,5,112.1584816231033,100000.0
Full CoRe-WM,kangaroo,,52.0,22.80350850198276,5,10.198039027185569,10000.0
Full CoRe-WM,kangaroo,,44.0,66.93280212272605,5,29.93325909419153,20000.0
Full CoRe-WM,kangaroo,,100.0,108.62780491200216,5,48.579831205964474,30000.0
Full CoRe-WM,kangaroo,,92.0,130.843417870369,5,58.514955353311166,40000.0
Full CoRe-WM,kangaroo,,208.0,179.2205345377588,5,80.1498596380555,50000.0
Full CoRe-WM,kangaroo,,496.0,232.12065827926648,5,103.80751417888784,60000.0
Full CoRe-WM,kangaroo,,604.0,339.8234835911138,5,151.97368193210295,70000.0
Full CoRe-WM,kangaroo,,1068.0,1047.2440021313084,5,468.34175555890806,80000.0
Full CoRe-WM,kangaroo,,1176.0,1096.758861372909,5,490.48547379101853,90000.0
Full CoRe-WM,kangaroo,,1306.8,695.588384031821,5,311.07658221087615,100000.0
Full CoRe-WM,krull,,2014.0,459.40777093993523,5,205.45340104266953,10000.0
Full CoRe-WM,krull,,2696.4,561.7012551169884,5,251.2004378977075,20000.0
Full CoRe-WM,krull,,6308.8,3810.8044688753057,5,1704.243568273033,30000.0
Full CoRe-WM,krull,,6602.6,341.44516397219616,5,152.69891944607855,40000.0
Full CoRe-WM,krull,,7131.6,572.4266765272212,5,255.99699216982995,50000.0
Full CoRe-WM,krull,,7083.6,542.4359870067618,5,242.5847480778624,60000.0
Full CoRe-WM,krull,,7379.6,328.59138759255393,5,146.9505358955863,70000.0
Full CoRe-WM,krull,,7693.6,365.3146588901135,5,163.3736820910883,80000.0
Full CoRe-WM,krull,,7853.0,864.4735392133178,5,386.6043196861617,90000.0
Full CoRe-WM,krull,,7876.360000000001,269.7134646249609,5,120.61952826967948,100000.0
Full CoRe-WM,kung_fu_master,,460.0,144.04860290887933,5,64.42049363362563,10000.0
Full CoRe-WM,kung_fu_master,,4908.0,4115.145197924369,5,1840.3488799681431,20000.0
Full CoRe-WM,kung_fu_master,,10790.0,5595.37755651931,5,2502.32891523077,30000.0
Full CoRe-WM,kung_fu_master,,11906.0,7571.613434400887,5,3386.1284677342055,40000.0
Full CoRe-WM,kung_fu_master,,13176.0,9571.845694535616,5,4280.6595286240645,50000.0
Full CoRe-WM,kung_fu_master,,15590.0,9172.09627075512,5,4101.886151516153,60000.0
Full CoRe-WM,kung_fu_master,,15038.0,7057.504516470393,5,3156.211970067917,70000.0
Full CoRe-WM,kung_fu_master,,18834.0,6705.499981358586,5,2998.790756288274,80000.0
Full CoRe-WM,kung_fu_master,,19974.0,8864.54905790475,5,3964.3468566713477,90000.0
Full CoRe-WM,kung_fu_master,,18675.0,6356.217939938812,5,2842.587078701372,100000.0
Full CoRe-WM,ms_pacman,,430.0,106.08251505314153,5,47.44154297659384,10000.0
Full CoRe-WM,ms_pacman,,527.2,146.18720874276244,5,65.37690723795367,20000.0
Full CoRe-WM,ms_pacman,,519.6,80.4630349912306,5,35.984163183267164,30000.0
Full CoRe-WM,ms_pacman,,552.2,220.5577022005806,5,98.63640301633063,40000.0
Full CoRe-WM,ms_pacman,,622.4,22.656124999655166,5,10.13212712119227,50000.0
Full CoRe-WM,ms_pacman,,638.2,165.2791577906906,5,73.91508641677962,60000.0
Full CoRe-WM,ms_pacman,,707.2,38.8419875907503,5,17.37066492682419,70000.0
Full CoRe-WM,ms_pacman,,939.6,202.18135423426168,5,90.41825037015481,80000.0
Full CoRe-WM,ms_pacman,,1026.6,315.19406720304875,5,140.9590720741308,90000.0
Full CoRe-WM,ms_pacman,,896.28,206.87821779974803,5,92.5187516128487,100000.0
Full CoRe-WM,pong,,-20.52,0.23874672772626837,5,0.10677078252031397,10000.0
Full CoRe-WM,pong,,-20.68,0.3033150177620619,5,0.13564659966250528,20000.0
Full CoRe-WM,pong,,-20.32,0.2167948338867889,5,0.09695359714832699,30000.0
Full CoRe-WM,pong,,-18.86,1.4328293687665663,5,0.6407807737440312,40000.0
Full CoRe-WM,pong,,-17.5,1.218605760695394,5,0.5449770637375484,50000.0
Full CoRe-WM,pong,,-15.98,1.255786606076049,5,0.5616048432839592,60000.0
Full CoRe-WM,pong,,-15.52,2.175316068988596,5,0.9728309205612247,70000.0
Full CoRe-WM,pong,,-11.34,1.5388307249337072,5,0.6881860213634099,80000.0
Full CoRe-WM,pong,,-11.52,1.5417522498767429,5,0.6894925670375277,90000.0
Full CoRe-WM,pong,,-6.412000000000001,1.7218217097016755,5,0.7700220776055711,100000.0
Full CoRe-WM,private_eye,,379.65999999999997,1351.021967993119,5,604.1953919056318,10000.0
Full CoRe-WM,private_eye,,551.3399999999999,1177.7283124727874,5,526.6961131430531,20000.0
Full CoRe-WM,private_eye,,75.26,43.30517290116736,5,19.3666620768784,30000.0
Full CoRe-WM,private_eye,,870.68,1779.426399714245,5,795.7836781437528,40000.0
Full CoRe-WM,private_eye,,908.0800000000002,1864.9770017348742,5,834.0430704705843,50000.0
Full CoRe-WM,private_eye,,352.04,660.0665178601321,5,295.19072072136686,60000.0
Full CoRe-WM,private_eye,,56.760000000000005,52.234930841344095,5,23.360171232249133,70000.0
Full CoRe-WM,private_eye,,587.78,1192.202852705864,5,533.1693243238961,80000.0
Full CoRe-WM,private_eye,,660.8599999999999,1629.9713150850232,5,728.945332380968,90000.0
Full CoRe-WM,private_eye,,440.25600000000003,1494.9334191461508,5,668.5545494093957,100000.0
Full CoRe-WM,qbert,,198.5,58.08399090971625,5,25.975950415721076,10000.0
Full CoRe-WM,qbert,,290.0,70.04462863060951,5,31.324910215354173,20000.0
Full CoRe-WM,qbert,,362.0,87.73895941940502,5,39.23805550737702,30000.0
Full CoRe-WM,qbert,,321.5,36.08150495752637,5,16.136139563104923,40000.0
Full CoRe-WM,qbert,,458.5,150.28722500598644,5,67.21049025263838,50000.0
Full CoRe-WM,qbert,,597.5,209.6798154329596,5,93.77166416354143,60000.0
Full CoRe-WM,qbert,,623.5,108.08850540182337,5,48.338649132966054,70000.0
Full CoRe-WM,qbert,,658.0,46.07738056790989,5,20.606431034994877,80000.0
Full CoRe-WM,qbert,,687.5,163.85969608173937,5,73.28028384224503,90000.0
Full CoRe-WM,qbert,,809.7,138.49451703948426,5,61.93663092225795,100000.0
Full CoRe-WM,road_runner,,784.0,215.24404753674375,5,96.26006440887103,10000.0
Full CoRe-WM,road_runner,,3672.0,2196.7635284663666,5,982.4225160286179,20000.0
Full CoRe-WM,road_runner,,5784.0,4981.819948573011,5,2227.9376113347516,30000.0
Full CoRe-WM,road_runner,,9402.0,5457.272212378635,5,2440.5663277198596,40000.0
Full CoRe-WM,road_runner,,10998.0,5461.430215612024,5,2442.4258432959637,50000.0
Full CoRe-WM,road_runner,,11732.0,5925.079746298778,5,2649.776216966255,60000.0
Full CoRe-WM,road_runner,,11558.0,5564.181880564293,5,2488.377784822875,70000.0
Full CoRe-WM,road_runner,,11704.0,5508.6640848757515,5,2463.5494717987704,80000.0
Full CoRe-WM,road_runner,,12144.0,4935.58811085366,5,2207.26210496171,90000.0
Full CoRe-WM,road_runner,,12558.0,4268.778689508276,5,1909.0558661285947,100000.0
Full CoRe-WM,seaquest,,268.4,148.3603720674763,5,66.3487754220076,10000.0
Full CoRe-WM,seaquest,,304.8,85.48216188188036,5,38.22878496630516,20000.0
Full CoRe-WM,seaquest,,421.2,197.63400517117492,5,88.38461404565841,30000.0
Full CoRe-WM,seaquest,,448.4,181.67773666577864,5,81.2487538365974,40000.0
Full CoRe-WM,seaquest,,400.8,136.7742665854948,5,61.16731153156888,50000.0
Full CoRe-WM,seaquest,,422.8,194.44587935978484,5,86.95884083864043,60000.0
Full CoRe-WM,seaquest,,488.4,156.48897724760042,5,69.98399817101048,70000.0
Full CoRe-WM,seaquest,,362.4,90.23746450338685,5,40.355420949359456,80000.0
Full CoRe-WM,seaquest,,373.2,151.58891780074163,5,67.79262496761723,90000.0
Full CoRe-WM,seaquest,,515.52,113.98698171282543,5,50.97652793198061,100000.0
Full CoRe-WM,up_n_down,,1525.8,772.757206372092,5,345.5875287101663,10000.0
Full CoRe-WM,up_n_down,,1214.6,461.4735095322374,5,206.377227425896,20000.0
Full CoRe-WM,up_n_down,,2078.8,910.4700434391018,5,407.17458172140357,30000.0
Full CoRe-WM,up_n_down,,3011.8,1662.6064477199648,5,743.5402073862582,40000.0
Full CoRe-WM,up_n_down,,42031.8,57442.07485980986,5,25688.876831033307,50000.0
Full CoRe-WM,up_n_down,,69634.0,98678.18828646987,5,44130.227381014025,60000.0
Full CoRe-WM,up_n_down,,64294.8,86397.437413965,5,38638.10862788188,70000.0
Full CoRe-WM,up_n_down,,77800.6,96963.79640773147,5,43363.528024827494,80000.0
Full CoRe-WM,up_n_down,,81238.6,84566.3219627057,5,37819.208903148676,90000.0
Full CoRe-WM,up_n_down,,57996.54,49975.535484204665,5,22349.7389109269,100000.0
