role,arm,game,seed,agent_steps,episode,episode_return,episode_length
ablation,slim_zero,boxing,0,10000,0,24.0,1780.0
ablation,slim_zero,boxing,0,10000,1,10.0,1781.0
ablation,slim_zero,boxing,0,10000,2,36.0,1786.0
ablation,slim_zero,boxing,0,10000,3,-1.0,1784.0
ablation,slim_zero,boxing,0,10000,4,31.0,1784.0
ablation,slim_zero,boxing,0,10000,5,28.0,1785.0
ablation,slim_zero,boxing,0,10000,6,22.0,1785.0
ablation,slim_zero,boxing,0,10000,7,13.0,1779.0
ablation,slim_zero,boxing,0,10000,8,14.0,1786.0
ablation,slim_zero,boxing,0,10000,9,7.0,1780.0
ablation,slim_zero,boxing,0,20000,0,19.0,1780.0
ablation,slim_zero,boxing,0,20000,1,27.0,1781.0
ablation,slim_zero,boxing,0,20000,2,38.0,1786.0
ablation,slim_zero,boxing,0,20000,3,59.0,1784.0
ablation,slim_zero,boxing,0,20000,4,43.0,1784.0
ablation,slim_zero,boxing,0,20000,5,41.0,1785.0
ablation,slim_zero,boxing,0,20000,6,38.0,1785.0
ablation,slim_zero,boxing,0,20000,7,31.0,1779.0
ablation,slim_zero,boxing,0,20000,8,51.0,1786.0
ablation,slim_zero,boxing,0,20000,9,35.0,1780.0
ablation,slim_zero,boxing,0,30000,0,53.0,1780.0
ablation,slim_zero,boxing,0,30000,1,49.0,1781.0
ablation,slim_zero,boxing,0,30000,2,40.0,1786.0
ablation,slim_zero,boxing,0,30000,3,45.0,1784.0
ablation,slim_zero,boxing,0,30000,4,67.0,1784.0
ablation,slim_zero,boxing,0,30000,5,48.0,1785.0
ablation,slim_zero,boxing,0,30000,6,33.0,1785.0
ablation,slim_zero,boxing,0,30000,7,40.0,1779.0
ablation,slim_zero,boxing,0,30000,8,40.0,1786.0
ablation,slim_zero,boxing,0,30000,9,32.0,1780.0
ablation,slim_zero,boxing,0,40000,0,50.0,1780.0
ablation,slim_zero,boxing,0,40000,1,51.0,1781.0
ablation,slim_zero,boxing,0,40000,2,71.0,1786.0
ablation,slim_zero,boxing,0,40000,3,50.0,1784.0
ablation,slim_zero,boxing,0,40000,4,45.0,1784.0
ablation,slim_zero,boxing,0,40000,5,47.0,1785.0
ablation,slim_zero,boxing,0,40000,6,73.0,1764.0
ablation,slim_zero,boxing,0,40000,7,65.0,1779.0
ablation,slim_zero,boxing,0,40000,8,40.0,1786.0
ablation,slim_zero,boxing,0,40000,9,36.0,1780.0
ablation,slim_zero,boxing,0,50000,0,29.0,1780.0
ablation,slim_zero,boxing,0,50000,1,55.0,1781.0
ablation,slim_zero,boxing,0,50000,2,15.0,1786.0
ablation,slim_zero,boxing,0,50000,3,7.0,1784.0
ablation,slim_zero,boxing,0,50000,4,29.0,1784.0
ablation,slim_zero,boxing,0,50000,5,28.0,1785.0
ablation,slim_zero,boxing,0,50000,6,38.0,1785.0
ablation,slim_zero,boxing,0,50000,7,33.0,1779.0
ablation,slim_zero,boxing,0,50000,8,44.0,1786.0
ablation,slim_zero,boxing,0,50000,9,19.0,1780.0
ablation,slim_zero,boxing,0,60000,0,30.0,1780.0
ablation,slim_zero,boxing,0,60000,1,58.0,1781.0
ablation,slim_zero,boxing,0,60000,2,40.0,1786.0
ablation,slim_zero,boxing,0,60000,3,58.0,1784.0
ablation,slim_zero,boxing,0,60000,4,55.0,1784.0
ablation,slim_zero,boxing,0,60000,5,52.0,1785.0
ablation,slim_zero,boxing,0,60000,6,40.0,1785.0
ablation,slim_zero,boxing,0,60000,7,44.0,1779.0
ablation,slim_zero,boxing,0,60000,8,34.0,1786.0
ablation,slim_zero,boxing,0,60000,9,43.0,1780.0
ablation,slim_zero,boxing,0,70000,0,56.0,1780.0
ablation,slim_zero,boxing,0,70000,1,62.0,1759.0
ablation,slim_zero,boxing,0,70000,2,62.0,1786.0
ablation,slim_zero,boxing,0,70000,3,33.0,1784.0
ablation,slim_zero,boxing,0,70000,4,70.0,1784.0
ablation,slim_zero,boxing,0,70000,5,78.0,1782.0
ablation,slim_zero,boxing,0,70000,6,75.0,1785.0
ablation,slim_zero,boxing,0,70000,7,54.0,1779.0
ablation,slim_zero,boxing,0,70000,8,52.0,1786.0
ablation,slim_zero,boxing,0,70000,9,74.0,1631.0
ablation,slim_zero,boxing,0,80000,0,47.0,1780.0
ablation,slim_zero,boxing,0,80000,1,54.0,1781.0
ablation,slim_zero,boxing,0,80000,2,79.0,1609.0
ablation,slim_zero,boxing,0,80000,3,45.0,1784.0
ablation,slim_zero,boxing,0,80000,4,68.0,1784.0
ablation,slim_zero,boxing,0,80000,5,56.0,1784.0
ablation,slim_zero,boxing,0,80000,6,33.0,1785.0
ablation,slim_zero,boxing,0,80000,7,74.0,1779.0
ablation,slim_zero,boxing,0,80000,8,44.0,1748.0
ablation,slim_zero,boxing,0,80000,9,63.0,1780.0
ablation,slim_zero,boxing,0,90000,0,60.0,1780.0
ablation,slim_zero,boxing,0,90000,1,64.0,1720.0
ablation,slim_zero,boxing,0,90000,2,82.0,1786.0
ablation,slim_zero,boxing,0,90000,3,58.0,1784.0
ablation,slim_zero,boxing,0,90000,4,77.0,1725.0
ablation,slim_zero,boxing,0,90000,5,52.0,1785.0
ablation,slim_zero,boxing,0,90000,6,43.0,1785.0
ablation,slim_zero,boxing,0,90000,7,74.0,1737.0
ablation,slim_zero,boxing,0,90000,8,53.0,1786.0
ablation,slim_zero,boxing,0,90000,9,53.0,1780.0
ablation,slim_zero,boxing,0,100000,0,70.0,1758.0
ablation,slim_zero,boxing,0,100000,1,71.0,1475.0
ablation,slim_zero,boxing,0,100000,2,76.0,1636.0
ablation,slim_zero,boxing,0,100000,3,65.0,1784.0
ablation,slim_zero,boxing,0,100000,4,68.0,1575.0
ablation,slim_zero,boxing,0,100000,5,79.0,1782.0
ablation,slim_zero,boxing,0,100000,6,70.0,1757.0
ablation,slim_zero,boxing,0,100000,7,72.0,1753.0
ablation,slim_zero,boxing,0,100000,8,79.0,1671.0
ablation,slim_zero,boxing,0,100000,9,72.0,1763.0
ablation,slim_zero,boxing,0,100000,10,71.0,1708.0
ablation,slim_zero,boxing,0,100000,11,72.0,1762.0
ablation,slim_zero,boxing,0,100000,12,74.0,1744.0
ablation,slim_zero,boxing,0,100000,13,56.0,1782.0
ablation,slim_zero,boxing,0,100000,14,67.0,1741.0
ablation,slim_zero,boxing,0,100000,15,75.0,1782.0
ablation,slim_zero,boxing,0,100000,16,80.0,1659.0
ablation,slim_zero,boxing,0,100000,17,70.0,1744.0
ablation,slim_zero,boxing,0,100000,18,67.0,1782.0
ablation,slim_zero,boxing,0,100000,19,75.0,1692.0
ablation,slim_zero,boxing,0,100000,20,89.0,1459.0
ablation,slim_zero,boxing,0,100000,21,75.0,1709.0
ablation,slim_zero,boxing,0,100000,22,86.0,1447.0
ablation,slim_zero,boxing,0,100000,23,68.0,1670.0
ablation,slim_zero,boxing,0,100000,24,61.0,1784.0
ablation,slim_zero,boxing,0,100000,25,78.0,1531.0
ablation,slim_zero,boxing,0,100000,26,56.0,1784.0
ablation,slim_zero,boxing,0,100000,27,80.0,1742.0
ablation,slim_zero,boxing,0,100000,28,69.0,1607.0
ablation,slim_zero,boxing,0,100000,29,56.0,1784.0
ablation,slim_zero,boxing,0,100000,30,60.0,1781.0
ablation,slim_zero,boxing,0,100000,31,68.0,1690.0
ablation,slim_zero,boxing,0,100000,32,61.0,1783.0
ablation,slim_zero,boxing,0,100000,33,66.0,1723.0
ablation,slim_zero,boxing,0,100000,34,77.0,1592.0
ablation,slim_zero,boxing,0,100000,35,58.0,1757.0
ablation,slim_zero,boxing,0,100000,36,54.0,1780.0
ablation,slim_zero,boxing,0,100000,37,64.0,1785.0
ablation,slim_zero,boxing,0,100000,38,89.0,1615.0
ablation,slim_zero,boxing,0,100000,39,56.0,1779.0
ablation,slim_zero,boxing,0,100000,40,79.0,1721.0
ablation,slim_zero,boxing,0,100000,41,76.0,1506.0
ablation,slim_zero,boxing,0,100000,42,72.0,1577.0
ablation,slim_zero,boxing,0,100000,43,66.0,1783.0
ablation,slim_zero,boxing,0,100000,44,55.0,1781.0
ablation,slim_zero,boxing,0,100000,45,77.0,1531.0
ablation,slim_zero,boxing,0,100000,46,68.0,1784.0
ablation,slim_zero,boxing,0,100000,47,73.0,1579.0
ablation,slim_zero,boxing,0,100000,48,62.0,1660.0
ablation,slim_zero,boxing,0,100000,49,76.0,1587.0
ablation,slim_zero,boxing,0,100000,50,79.0,1629.0
ablation,slim_zero,boxing,0,100000,51,90.0,1400.0
ablation,slim_zero,boxing,0,100000,52,79.0,1724.0
ablation,slim_zero,boxing,0,100000,53,87.0,1598.0
ablation,slim_zero,boxing,0,100000,54,83.0,1593.0
ablation,slim_zero,boxing,0,100000,55,81.0,1717.0
ablation,slim_zero,boxing,0,100000,56,58.0,1782.0
ablation,slim_zero,boxing,0,100000,57,77.0,1671.0
ablation,slim_zero,boxing,0,100000,58,84.0,1526.0
ablation,slim_zero,boxing,0,100000,59,63.0,1675.0
ablation,slim_zero,boxing,0,100000,60,64.0,1617.0
ablation,slim_zero,boxing,0,100000,61,75.0,1655.0
ablation,slim_zero,boxing,0,100000,62,68.0,1785.0
ablation,slim_zero,boxing,0,100000,63,66.0,1780.0
ablation,slim_zero,boxing,0,100000,64,63.0,1648.0
ablation,slim_zero,boxing,0,100000,65,60.0,1756.0
ablation,slim_zero,boxing,0,100000,66,61.0,1782.0
ablation,slim_zero,boxing,0,100000,67,81.0,1600.0
ablation,slim_zero,boxing,0,100000,68,64.0,1782.0
ablation,slim_zero,boxing,0,100000,69,76.0,1567.0
ablation,slim_zero,boxing,0,100000,70,76.0,1725.0
ablation,slim_zero,boxing,0,100000,71,64.0,1781.0
ablation,slim_zero,boxing,0,100000,72,79.0,1543.0
ablation,slim_zero,boxing,0,100000,73,87.0,1487.0
ablation,slim_zero,boxing,0,100000,74,80.0,1600.0
ablation,slim_zero,boxing,0,100000,75,58.0,1780.0
ablation,slim_zero,boxing,0,100000,76,88.0,1608.0
ablation,slim_zero,boxing,0,100000,77,82.0,1598.0
ablation,slim_zero,boxing,0,100000,78,74.0,1755.0
ablation,slim_zero,boxing,0,100000,79,68.0,1671.0
ablation,slim_zero,boxing,0,100000,80,75.0,1746.0
ablation,slim_zero,boxing,0,100000,81,51.0,1785.0
ablation,slim_zero,boxing,0,100000,82,65.0,1786.0
ablation,slim_zero,boxing,0,100000,83,60.0,1759.0
ablation,slim_zero,boxing,0,100000,84,68.0,1716.0
ablation,slim_zero,boxing,0,100000,85,80.0,1635.0
ablation,slim_zero,boxing,0,100000,86,80.0,1628.0
ablation,slim_zero,boxing,0,100000,87,78.0,1676.0
ablation,slim_zero,boxing,0,100000,88,72.0,1693.0
ablation,slim_zero,boxing,0,100000,89,76.0,1695.0
ablation,slim_zero,boxing,0,100000,90,78.0,1610.0
ablation,slim_zero,boxing,0,100000,91,65.0,1784.0
ablation,slim_zero,boxing,0,100000,92,76.0,1764.0
ablation,slim_zero,boxing,0,100000,93,78.0,1720.0
ablation,slim_zero,boxing,0,100000,94,49.0,1785.0
ablation,slim_zero,boxing,0,100000,95,65.0,1787.0
ablation,slim_zero,boxing,0,100000,96,75.0,1778.0
ablation,slim_zero,boxing,0,100000,97,69.0,1628.0
ablation,slim_zero,boxing,0,100000,98,80.0,1592.0
ablation,slim_zero,boxing,0,100000,99,82.0,1642.0
ablation,slim_zero,up_n_down,0,10000,0,1890.0,1376.0
ablation,slim_zero,up_n_down,0,10000,1,210.0,606.0
ablation,slim_zero,up_n_down,0,10000,2,210.0,618.0
ablation,slim_zero,up_n_down,0,10000,3,240.0,663.0
ablation,slim_zero,up_n_down,0,10000,4,790.0,894.0
ablation,slim_zero,up_n_down,0,10000,5,620.0,629.0
ablation,slim_zero,up_n_down,0,10000,6,820.0,944.0
ablation,slim_zero,up_n_down,0,10000,7,280.0,713.0
ablation,slim_zero,up_n_down,0,10000,8,320.0,797.0
ablation,slim_zero,up_n_down,0,10000,9,740.0,814.0
ablation,slim_zero,up_n_down,0,20000,0,12230.0,1981.0
ablation,slim_zero,up_n_down,0,20000,1,47820.0,9071.0
ablation,slim_zero,up_n_down,0,20000,2,5580.0,882.0
ablation,slim_zero,up_n_down,0,20000,3,20.0,313.0
ablation,slim_zero,up_n_down,0,20000,4,20.0,313.0
ablation,slim_zero,up_n_down,0,20000,5,20.0,315.0
ablation,slim_zero,up_n_down,0,20000,6,20.0,315.0
ablation,slim_zero,up_n_down,0,20000,7,20.0,311.0
ablation,slim_zero,up_n_down,0,20000,8,14470.0,2379.0
ablation,slim_zero,up_n_down,0,20000,9,20.0,310.0
ablation,slim_zero,up_n_down,0,30000,0,10290.0,1442.0
ablation,slim_zero,up_n_down,0,30000,1,4030.0,956.0
ablation,slim_zero,up_n_down,0,30000,2,24070.0,3017.0
ablation,slim_zero,up_n_down,0,30000,3,5990.0,898.0
ablation,slim_zero,up_n_down,0,30000,4,100010.0,11431.0
ablation,slim_zero,up_n_down,0,30000,5,11700.0,1778.0
ablation,slim_zero,up_n_down,0,30000,6,14210.0,1957.0
ablation,slim_zero,up_n_down,0,30000,7,12460.0,1716.0
ablation,slim_zero,up_n_down,0,30000,8,6060.0,1020.0
ablation,slim_zero,up_n_down,0,30000,9,36030.0,4282.0
ablation,slim_zero,up_n_down,0,40000,0,19990.0,2888.0
ablation,slim_zero,up_n_down,0,40000,1,20050.0,2980.0
ablation,slim_zero,up_n_down,0,40000,2,14880.0,2386.0
ablation,slim_zero,up_n_down,0,40000,3,11720.0,1812.0
ablation,slim_zero,up_n_down,0,40000,4,14190.0,1918.0
ablation,slim_zero,up_n_down,0,40000,5,8280.0,1372.0
ablation,slim_zero,up_n_down,0,40000,6,20580.0,3188.0
ablation,slim_zero,up_n_down,0,40000,7,10870.0,1730.0
ablation,slim_zero,up_n_down,0,40000,8,9030.0,1295.0
ablation,slim_zero,up_n_down,0,40000,9,4850.0,989.0
ablation,slim_zero,up_n_down,0,50000,0,258590.0,27001.0
ablation,slim_zero,up_n_down,0,50000,1,204270.0,23991.0
ablation,slim_zero,up_n_down,0,50000,2,89490.0,10531.0
ablation,slim_zero,up_n_down,0,50000,3,242940.0,27001.0
ablation,slim_zero,up_n_down,0,50000,4,254140.0,27001.0
ablation,slim_zero,up_n_down,0,50000,5,240580.0,27001.0
ablation,slim_zero,up_n_down,0,50000,6,42060.0,4979.0
ablation,slim_zero,up_n_down,0,50000,7,96090.0,14051.0
ablation,slim_zero,up_n_down,0,50000,8,251820.0,27001.0
ablation,slim_zero,up_n_down,0,50000,9,212300.0,24051.0
ablation,slim_zero,up_n_down,0,60000,0,231060.0,25261.0
ablation,slim_zero,up_n_down,0,60000,1,248580.0,27001.0
ablation,slim_zero,up_n_down,0,60000,2,246980.0,27001.0
ablation,slim_zero,up_n_down,0,60000,3,251020.0,27001.0
ablation,slim_zero,up_n_down,0,60000,4,216150.0,23820.0
ablation,slim_zero,up_n_down,0,60000,5,226540.0,25075.0
ablation,slim_zero,up_n_down,0,60000,6,221400.0,26434.0
ablation,slim_zero,up_n_down,0,60000,7,153200.0,17146.0
ablation,slim_zero,up_n_down,0,60000,8,251820.0,27001.0
ablation,slim_zero,up_n_down,0,60000,9,208820.0,27001.0
ablation,slim_zero,up_n_down,0,70000,0,257030.0,27001.0
ablation,slim_zero,up_n_down,0,70000,1,264260.0,27001.0
ablation,slim_zero,up_n_down,0,70000,2,260060.0,27001.0
ablation,slim_zero,up_n_down,0,70000,3,253980.0,27001.0
ablation,slim_zero,up_n_down,0,70000,4,250700.0,27001.0
ablation,slim_zero,up_n_down,0,70000,5,254540.0,27001.0
ablation,slim_zero,up_n_down,0,70000,6,246940.0,27001.0
ablation,slim_zero,up_n_down,0,70000,7,254390.0,27001.0
ablation,slim_zero,up_n_down,0,70000,8,241940.0,27001.0
ablation,slim_zero,up_n_down,0,70000,9,250260.0,27001.0
ablation,slim_zero,up_n_down,0,80000,0,249190.0,27001.0
ablation,slim_zero,up_n_down,0,80000,1,257100.0,27001.0
ablation,slim_zero,up_n_down,0,80000,2,252180.0,27001.0
ablation,slim_zero,up_n_down,0,80000,3,253180.0,27001.0
ablation,slim_zero,up_n_down,0,80000,4,247620.0,27001.0
ablation,slim_zero,up_n_down,0,80000,5,255500.0,27001.0
ablation,slim_zero,up_n_down,0,80000,6,245980.0,27001.0
ablation,slim_zero,up_n_down,0,80000,7,244750.0,27001.0
ablation,slim_zero,up_n_down,0,80000,8,254340.0,27001.0
ablation,slim_zero,up_n_down,0,80000,9,261620.0,27001.0
ablation,slim_zero,up_n_down,0,90000,0,248190.0,27001.0
ablation,slim_zero,up_n_down,0,90000,1,225270.0,24965.0
ablation,slim_zero,up_n_down,0,90000,2,101920.0,11922.0
ablation,slim_zero,up_n_down,0,90000,3,249020.0,27001.0
ablation,slim_zero,up_n_down,0,90000,4,258780.0,27001.0
ablation,slim_zero,up_n_down,0,90000,5,254620.0,27001.0
ablation,slim_zero,up_n_down,0,90000,6,174240.0,19481.0
ablation,slim_zero,up_n_down,0,90000,7,246980.0,27001.0
ablation,slim_zero,up_n_down,0,90000,8,246740.0,27001.0
ablation,slim_zero,up_n_down,0,90000,9,251860.0,27001.0
ablation,slim_zero,up_n_down,0,100000,0,213260.0,23019.0
ablation,slim_zero,up_n_down,0,100000,1,226580.0,27001.0
ablation,slim_zero,up_n_down,0,100000,2,203240.0,21080.0
ablation,slim_zero,up_n_down,0,100000,3,56670.0,6669.0
ablation,slim_zero,up_n_down,0,100000,4,220190.0,24520.0
ablation,slim_zero,up_n_down,0,100000,5,232580.0,27001.0
ablation,slim_zero,up_n_down,0,100000,6,93560.0,10646.0
ablation,slim_zero,up_n_down,0,100000,7,206640.0,23951.0
ablation,slim_zero,up_n_down,0,100000,8,98390.0,11329.0
ablation,slim_zero,up_n_down,0,100000,9,112800.0,13314.0
ablation,slim_zero,up_n_down,0,100000,10,191440.0,21390.0
ablation,slim_zero,up_n_down,0,100000,11,99760.0,10973.0
ablation,slim_zero,up_n_down,0,100000,12,134990.0,14270.0
ablation,slim_zero,up_n_down,0,100000,13,208940.0,27001.0
ablation,slim_zero,up_n_down,0,100000,14,182420.0,20400.0
ablation,slim_zero,up_n_down,0,100000,15,203580.0,22264.0
ablation,slim_zero,up_n_down,0,100000,16,120760.0,13900.0
ablation,slim_zero,up_n_down,0,100000,17,141160.0,16468.0
ablation,slim_zero,up_n_down,0,100000,18,168350.0,19013.0
ablation,slim_zero,up_n_down,0,100000,19,151970.0,17118.0
ablation,slim_zero,up_n_down,0,100000,20,169990.0,23549.0
ablation,slim_zero,up_n_down,0,100000,21,175980.0,19065.0
ablation,slim_zero,up_n_down,0,100000,22,194180.0,27001.0
ablation,slim_zero,up_n_down,0,100000,23,59490.0,6693.0
ablation,slim_zero,up_n_down,0,100000,24,94110.0,10892.0
ablation,slim_zero,up_n_down,0,100000,25,55740.0,6461.0
ablation,slim_zero,up_n_down,0,100000,26,206080.0,21784.0
ablation,slim_zero,up_n_down,0,100000,27,158940.0,18031.0
ablation,slim_zero,up_n_down,0,100000,28,178430.0,21705.0
ablation,slim_zero,up_n_down,0,100000,29,48820.0,5557.0
ablation,slim_zero,up_n_down,0,100000,30,222950.0,25084.0
ablation,slim_zero,up_n_down,0,100000,31,94150.0,10312.0
ablation,slim_zero,up_n_down,0,100000,32,72500.0,8311.0
ablation,slim_zero,up_n_down,0,100000,33,229740.0,27001.0
ablation,slim_zero,up_n_down,0,100000,34,75180.0,8752.0
ablation,slim_zero,up_n_down,0,100000,35,52750.0,6790.0
ablation,slim_zero,up_n_down,0,100000,36,155050.0,19496.0
ablation,slim_zero,up_n_down,0,100000,37,143180.0,15861.0
ablation,slim_zero,up_n_down,0,100000,38,141080.0,15704.0
ablation,slim_zero,up_n_down,0,100000,39,124540.0,14196.0
ablation,slim_zero,up_n_down,0,100000,40,226300.0,25335.0
ablation,slim_zero,up_n_down,0,100000,41,61180.0,7475.0
ablation,slim_zero,up_n_down,0,100000,42,205590.0,21625.0
ablation,slim_zero,up_n_down,0,100000,43,18170.0,2527.0
ablation,slim_zero,up_n_down,0,100000,44,148280.0,16341.0
ablation,slim_zero,up_n_down,0,100000,45,243220.0,26170.0
ablation,slim_zero,up_n_down,0,100000,46,195400.0,23258.0
ablation,slim_zero,up_n_down,0,100000,47,239340.0,27001.0
ablation,slim_zero,up_n_down,0,100000,48,189220.0,26158.0
ablation,slim_zero,up_n_down,0,100000,49,114680.0,13137.0
ablation,slim_zero,up_n_down,0,100000,50,224820.0,24244.0
ablation,slim_zero,up_n_down,0,100000,51,212950.0,23179.0
ablation,slim_zero,up_n_down,0,100000,52,133050.0,15007.0
ablation,slim_zero,up_n_down,0,100000,53,147060.0,16297.0
ablation,slim_zero,up_n_down,0,100000,54,155160.0,17099.0
ablation,slim_zero,up_n_down,0,100000,55,181750.0,23176.0
ablation,slim_zero,up_n_down,0,100000,56,173410.0,19428.0
ablation,slim_zero,up_n_down,0,100000,57,165720.0,18648.0
ablation,slim_zero,up_n_down,0,100000,58,59790.0,7168.0
ablation,slim_zero,up_n_down,0,100000,59,162810.0,17184.0
ablation,slim_zero,up_n_down,0,100000,60,179950.0,20301.0
ablation,slim_zero,up_n_down,0,100000,61,236930.0,26979.0
ablation,slim_zero,up_n_down,0,100000,62,229960.0,25427.0
ablation,slim_zero,up_n_down,0,100000,63,158550.0,16769.0
ablation,slim_zero,up_n_down,0,100000,64,245460.0,27001.0
ablation,slim_zero,up_n_down,0,100000,65,145260.0,15988.0
ablation,slim_zero,up_n_down,0,100000,66,153000.0,21973.0
ablation,slim_zero,up_n_down,0,100000,67,138830.0,14655.0
ablation,slim_zero,up_n_down,0,100000,68,76340.0,8685.0
ablation,slim_zero,up_n_down,0,100000,69,129340.0,14198.0
ablation,slim_zero,up_n_down,0,100000,70,162390.0,20347.0
ablation,slim_zero,up_n_down,0,100000,71,200360.0,21590.0
ablation,slim_zero,up_n_down,0,100000,72,183740.0,21213.0
ablation,slim_zero,up_n_down,0,100000,73,192660.0,27001.0
ablation,slim_zero,up_n_down,0,100000,74,220140.0,27001.0
ablation,slim_zero,up_n_down,0,100000,75,84210.0,9766.0
ablation,slim_zero,up_n_down,0,100000,76,254100.0,27001.0
ablation,slim_zero,up_n_down,0,100000,77,125170.0,13914.0
ablation,slim_zero,up_n_down,0,100000,78,182760.0,19031.0
ablation,slim_zero,up_n_down,0,100000,79,173100.0,20845.0
ablation,slim_zero,up_n_down,0,100000,80,222660.0,27001.0
ablation,slim_zero,up_n_down,0,100000,81,196370.0,21603.0
ablation,slim_zero,up_n_down,0,100000,82,160450.0,17878.0
ablation,slim_zero,up_n_down,0,100000,83,160630.0,17546.0
ablation,slim_zero,up_n_down,0,100000,84,192550.0,27001.0
ablation,slim_zero,up_n_down,0,100000,85,223820.0,27001.0
ablation,slim_zero,up_n_down,0,100000,86,73100.0,8630.0
ablation,slim_zero,up_n_down,0,100000,87,134180.0,15535.0
ablation,slim_zero,up_n_down,0,100000,88,205080.0,21452.0
ablation,slim_zero,up_n_down,0,100000,89,46500.0,5679.0
ablation,slim_zero,up_n_down,0,100000,90,136340.0,17077.0
ablation,slim_zero,up_n_down,0,100000,91,192980.0,27001.0
ablation,slim_zero,up_n_down,0,100000,92,77850.0,8548.0
ablation,slim_zero,up_n_down,0,100000,93,212950.0,27001.0
ablation,slim_zero,up_n_down,0,100000,94,29200.0,3537.0
ablation,slim_zero,up_n_down,0,100000,95,60510.0,7054.0
ablation,slim_zero,up_n_down,0,100000,96,190420.0,27001.0
ablation,slim_zero,up_n_down,0,100000,97,124000.0,13325.0
ablation,slim_zero,up_n_down,0,100000,98,82110.0,10252.0
ablation,slim_zero,up_n_down,0,100000,99,167010.0,18155.0
ablation,slim_zero,frostbite,0,10000,0,170.0,386.0
ablation,slim_zero,frostbite,0,10000,1,100.0,336.0
ablation,slim_zero,frostbite,0,10000,2,70.0,379.0
ablation,slim_zero,frostbite,0,10000,3,180.0,466.0
ablation,slim_zero,frostbite,0,10000,4,100.0,384.0
ablation,slim_zero,frostbite,0,10000,5,190.0,438.0
ablation,slim_zero,frostbite,0,10000,6,210.0,672.0
ablation,slim_zero,frostbite,0,10000,7,210.0,458.0
ablation,slim_zero,frostbite,0,10000,8,180.0,464.0
ablation,slim_zero,frostbite,0,10000,9,0.0,243.0
ablation,slim_zero,frostbite,0,20000,0,250.0,668.0
ablation,slim_zero,frostbite,0,20000,1,220.0,550.0
ablation,slim_zero,frostbite,0,20000,2,250.0,596.0
ablation,slim_zero,frostbite,0,20000,3,240.0,643.0
ablation,slim_zero,frostbite,0,20000,4,230.0,575.0
ablation,slim_zero,frostbite,0,20000,5,250.0,673.0
ablation,slim_zero,frostbite,0,20000,6,190.0,497.0
ablation,slim_zero,frostbite,0,20000,7,230.0,622.0
ablation,slim_zero,frostbite,0,20000,8,240.0,576.0
ablation,slim_zero,frostbite,0,20000,9,210.0,501.0
ablation,slim_zero,frostbite,0,30000,0,240.0,617.0
ablation,slim_zero,frostbite,0,30000,1,220.0,527.0
ablation,slim_zero,frostbite,0,30000,2,230.0,535.0
ablation,slim_zero,frostbite,0,30000,3,240.0,552.0
ablation,slim_zero,frostbite,0,30000,4,220.0,581.0
ablation,slim_zero,frostbite,0,30000,5,230.0,577.0
ablation,slim_zero,frostbite,0,30000,6,240.0,583.0
ablation,slim_zero,frostbite,0,30000,7,240.0,575.0
ablation,slim_zero,frostbite,0,30000,8,230.0,542.0
ablation,slim_zero,frostbite,0,30000,9,210.0,497.0
ablation,slim_zero,frostbite,0,40000,0,190.0,548.0
ablation,slim_zero,frostbite,0,40000,1,1370.0,835.0
ablation,slim_zero,frostbite,0,40000,2,250.0,568.0
ablation,slim_zero,frostbite,0,40000,3,220.0,488.0
ablation,slim_zero,frostbite,0,40000,4,270.0,572.0
ablation,slim_zero,frostbite,0,40000,5,250.0,524.0
ablation,slim_zero,frostbite,0,40000,6,970.0,818.0
ablation,slim_zero,frostbite,0,40000,7,210.0,490.0
ablation,slim_zero,frostbite,0,40000,8,1430.0,825.0
ablation,slim_zero,frostbite,0,40000,9,230.0,547.0
ablation,slim_zero,frostbite,0,50000,0,1880.0,924.0
ablation,slim_zero,frostbite,0,50000,1,240.0,525.0
ablation,slim_zero,frostbite,0,50000,2,1220.0,871.0
ablation,slim_zero,frostbite,0,50000,3,1630.0,930.0
ablation,slim_zero,frostbite,0,50000,4,2030.0,930.0
ablation,slim_zero,frostbite,0,50000,5,1850.0,926.0
ablation,slim_zero,frostbite,0,50000,6,2250.0,1174.0
ablation,slim_zero,frostbite,0,50000,7,1420.0,827.0
ablation,slim_zero,frostbite,0,50000,8,2050.0,1104.0
ablation,slim_zero,frostbite,0,50000,9,1840.0,880.0
ablation,slim_zero,frostbite,0,60000,0,1180.0,741.0
ablation,slim_zero,frostbite,0,60000,1,220.0,459.0
ablation,slim_zero,frostbite,0,60000,2,1150.0,808.0
ablation,slim_zero,frostbite,0,60000,3,230.0,449.0
ablation,slim_zero,frostbite,0,60000,4,210.0,423.0
ablation,slim_zero,frostbite,0,60000,5,1080.0,708.0
ablation,slim_zero,frostbite,0,60000,6,2610.0,903.0
ablation,slim_zero,frostbite,0,60000,7,1440.0,746.0
ablation,slim_zero,frostbite,0,60000,8,2520.0,918.0
ablation,slim_zero,frostbite,0,60000,9,1010.0,788.0
ablation,slim_zero,frostbite,0,70000,0,1620.0,752.0
ablation,slim_zero,frostbite,0,70000,1,3040.0,966.0
ablation,slim_zero,frostbite,0,70000,2,2640.0,962.0
ablation,slim_zero,frostbite,0,70000,3,2670.0,881.0
ablation,slim_zero,frostbite,0,70000,4,2810.0,906.0
ablation,slim_zero,frostbite,0,70000,5,3010.0,907.0
ablation,slim_zero,frostbite,0,70000,6,3410.0,1117.0
ablation,slim_zero,frostbite,0,70000,7,2640.0,900.0
ablation,slim_zero,frostbite,0,70000,8,2060.0,774.0
ablation,slim_zero,frostbite,0,70000,9,1820.0,794.0
ablation,slim_zero,frostbite,0,80000,0,2900.0,1171.0
ablation,slim_zero,frostbite,0,80000,1,1660.0,798.0
ablation,slim_zero,frostbite,0,80000,2,2990.0,1053.0
ablation,slim_zero,frostbite,0,80000,3,3210.0,1048.0
ablation,slim_zero,frostbite,0,80000,4,1340.0,715.0
ablation,slim_zero,frostbite,0,80000,5,1140.0,782.0
ablation,slim_zero,frostbite,0,80000,6,940.0,715.0
ablation,slim_zero,frostbite,0,80000,7,3380.0,1186.0
ablation,slim_zero,frostbite,0,80000,8,2350.0,956.0
ablation,slim_zero,frostbite,0,80000,9,2940.0,958.0
ablation,slim_zero,frostbite,0,90000,0,1810.0,833.0
ablation,slim_zero,frostbite,0,90000,1,2200.0,943.0
ablation,slim_zero,frostbite,0,90000,2,2220.0,862.0
ablation,slim_zero,frostbite,0,90000,3,2780.0,1065.0
ablation,slim_zero,frostbite,0,90000,4,1580.0,831.0
ablation,slim_zero,frostbite,0,90000,5,3100.0,1090.0
ablation,slim_zero,frostbite,0,90000,6,1800.0,802.0
ablation,slim_zero,frostbite,0,90000,7,2530.0,1059.0
ablation,slim_zero,frostbite,0,90000,8,2760.0,884.0
ablation,slim_zero,frostbite,0,90000,9,2350.0,953.0
ablation,slim_zero,frostbite,0,100000,0,2580.0,928.0
ablation,slim_zero,frostbite,0,100000,1,1430.0,821.0
ablation,slim_zero,frostbite,0,100000,2,3200.0,958.0
ablation,slim_zero,frostbite,0,100000,3,3400.0,1122.0
ablation,slim_zero,frostbite,0,100000,4,1000.0,779.0
ablation,slim_zero,frostbite,0,100000,5,1420.0,798.0
ablation,slim_zero,frostbite,0,100000,6,2600.0,916.0
ablation,slim_zero,frostbite,0,100000,7,2730.0,890.0
ablation,slim_zero,frostbite,0,100000,8,3200.0,1026.0
ablation,slim_zero,frostbite,0,100000,9,3010.0,951.0
ablation,slim_zero,frostbite,0,100000,10,2800.0,1104.0
ablation,slim_zero,frostbite,0,100000,11,2620.0,996.0
ablation,slim_zero,frostbite,0,100000,12,2790.0,961.0
ablation,slim_zero,frostbite,0,100000,13,2410.0,977.0
ablation,slim_zero,frostbite,0,100000,14,3410.0,1134.0
ablation,slim_zero,frostbite,0,100000,15,2620.0,918.0
ablation,slim_zero,frostbite,0,100000,16,2620.0,913.0
ablation,slim_zero,frostbite,0,100000,17,1330.0,745.0
ablation,slim_zero,frostbite,0,100000,18,2590.0,932.0
ablation,slim_zero,frostbite,0,100000,19,2640.0,919.0
ablation,slim_zero,frostbite,0,100000,20,2840.0,960.0
ablation,slim_zero,frostbite,0,100000,21,1830.0,798.0
ablation,slim_zero,frostbite,0,100000,22,920.0,695.0
ablation,slim_zero,frostbite,0,100000,23,2620.0,952.0
ablation,slim_zero,frostbite,0,100000,24,3050.0,1006.0
ablation,slim_zero,frostbite,0,100000,25,3080.0,1190.0
ablation,slim_zero,frostbite,0,100000,26,1430.0,820.0
ablation,slim_zero,frostbite,0,100000,27,3850.0,1140.0
ablation,slim_zero,frostbite,0,100000,28,940.0,765.0
ablation,slim_zero,frostbite,0,100000,29,3480.0,1031.0
ablation,slim_zero,frostbite,0,100000,30,2210.0,1030.0
ablation,slim_zero,frostbite,0,100000,31,2690.0,963.0
ablation,slim_zero,frostbite,0,100000,32,2640.0,934.0
ablation,slim_zero,frostbite,0,100000,33,2800.0,937.0
ablation,slim_zero,frostbite,0,100000,34,2640.0,964.0
ablation,slim_zero,frostbite,0,100000,35,2650.0,931.0
ablation,slim_zero,frostbite,0,100000,36,1410.0,758.0
ablation,slim_zero,frostbite,0,100000,37,2770.0,899.0
ablation,slim_zero,frostbite,0,100000,38,2390.0,905.0
ablation,slim_zero,frostbite,0,100000,39,2900.0,1021.0
ablation,slim_zero,frostbite,0,100000,40,2840.0,926.0
ablation,slim_zero,frostbite,0,100000,41,2810.0,916.0
ablation,slim_zero,frostbite,0,100000,42,1420.0,803.0
ablation,slim_zero,frostbite,0,100000,43,2810.0,922.0
ablation,slim_zero,frostbite,0,100000,44,2840.0,938.0
ablation,slim_zero,frostbite,0,100000,45,2430.0,966.0
ablation,slim_zero,frostbite,0,100000,46,1440.0,809.0
ablation,slim_zero,frostbite,0,100000,47,2100.0,1359.0
ablation,slim_zero,frostbite,0,100000,48,1410.0,882.0
ablation,slim_zero,frostbite,0,100000,49,2390.0,911.0
ablation,slim_zero,frostbite,0,100000,50,2790.0,955.0
ablation,slim_zero,frostbite,0,100000,51,2580.0,956.0
ablation,slim_zero,frostbite,0,100000,52,2620.0,925.0
ablation,slim_zero,frostbite,0,100000,53,1590.0,851.0
ablation,slim_zero,frostbite,0,100000,54,1590.0,915.0
ablation,slim_zero,frostbite,0,100000,55,3230.0,1074.0
ablation,slim_zero,frostbite,0,100000,56,2620.0,920.0
ablation,slim_zero,frostbite,0,100000,57,2810.0,925.0
ablation,slim_zero,frostbite,0,100000,58,1190.0,787.0
ablation,slim_zero,frostbite,0,100000,59,2590.0,901.0
ablation,slim_zero,frostbite,0,100000,60,2930.0,890.0
ablation,slim_zero,frostbite,0,100000,61,2590.0,932.0
ablation,slim_zero,frostbite,0,100000,62,1130.0,776.0
ablation,slim_zero,frostbite,0,100000,63,2440.0,940.0
ablation,slim_zero,frostbite,0,100000,64,1300.0,1005.0
ablation,slim_zero,frostbite,0,100000,65,1380.0,758.0
ablation,slim_zero,frostbite,0,100000,66,3450.0,1100.0
ablation,slim_zero,frostbite,0,100000,67,3030.0,1003.0
ablation,slim_zero,frostbite,0,100000,68,2810.0,943.0
ablation,slim_zero,frostbite,0,100000,69,3270.0,1012.0
ablation,slim_zero,frostbite,0,100000,70,2800.0,935.0
ablation,slim_zero,frostbite,0,100000,71,2810.0,925.0
ablation,slim_zero,frostbite,0,100000,72,2230.0,986.0
ablation,slim_zero,frostbite,0,100000,73,2660.0,1033.0
ablation,slim_zero,frostbite,0,100000,74,1430.0,816.0
ablation,slim_zero,frostbite,0,100000,75,2880.0,962.0
ablation,slim_zero,frostbite,0,100000,76,3210.0,1045.0
ablation,slim_zero,frostbite,0,100000,77,3250.0,1080.0
ablation,slim_zero,frostbite,0,100000,78,3230.0,985.0
ablation,slim_zero,frostbite,0,100000,79,2660.0,921.0
ablation,slim_zero,frostbite,0,100000,80,2610.0,918.0
ablation,slim_zero,frostbite,0,100000,81,3430.0,1113.0
ablation,slim_zero,frostbite,0,100000,82,3210.0,1100.0
ablation,slim_zero,frostbite,0,100000,83,1630.0,793.0
ablation,slim_zero,frostbite,0,100000,84,2790.0,936.0
ablation,slim_zero,frostbite,0,100000,85,2030.0,954.0
ablation,slim_zero,frostbite,0,100000,86,2810.0,931.0
ablation,slim_zero,frostbite,0,100000,87,1550.0,861.0
ablation,slim_zero,frostbite,0,100000,88,1610.0,842.0
ablation,slim_zero,frostbite,0,100000,89,1010.0,842.0
ablation,slim_zero,frostbite,0,100000,90,2600.0,919.0
ablation,slim_zero,frostbite,0,100000,91,3250.0,1126.0
ablation,slim_zero,frostbite,0,100000,92,3630.0,1187.0
ablation,slim_zero,frostbite,0,100000,93,3120.0,1077.0
ablation,slim_zero,frostbite,0,100000,94,2590.0,940.0
ablation,slim_zero,frostbite,0,100000,95,2550.0,1116.0
ablation,slim_zero,frostbite,0,100000,96,2710.0,893.0
ablation,slim_zero,frostbite,0,100000,97,2770.0,951.0
ablation,slim_zero,frostbite,0,100000,98,2840.0,993.0
ablation,slim_zero,frostbite,0,100000,99,2810.0,914.0
ablation,slim_zero,road_runner,0,10000,0,400.0,714.0
ablation,slim_zero,road_runner,0,10000,1,400.0,456.0
ablation,slim_zero,road_runner,0,10000,2,1000.0,846.0
ablation,slim_zero,road_runner,0,10000,3,900.0,845.0
ablation,slim_zero,road_runner,0,10000,4,1000.0,856.0
ablation,slim_zero,road_runner,0,10000,5,800.0,853.0
ablation,slim_zero,road_runner,0,10000,6,1000.0,211.0
ablation,slim_zero,road_runner,0,10000,7,800.0,888.0
ablation,slim_zero,road_runner,0,10000,8,800.0,862.0
ablation,slim_zero,road_runner,0,10000,9,900.0,865.0
ablation,slim_zero,road_runner,0,20000,0,1000.0,889.0
ablation,slim_zero,road_runner,0,20000,1,1300.0,911.0
ablation,slim_zero,road_runner,0,20000,2,2100.0,922.0
ablation,slim_zero,road_runner,0,20000,3,900.0,893.0
ablation,slim_zero,road_runner,0,20000,4,1000.0,892.0
ablation,slim_zero,road_runner,0,20000,5,1100.0,891.0
ablation,slim_zero,road_runner,0,20000,6,900.0,911.0
ablation,slim_zero,road_runner,0,20000,7,700.0,898.0
ablation,slim_zero,road_runner,0,20000,8,800.0,916.0
ablation,slim_zero,road_runner,0,20000,9,2100.0,898.0
ablation,slim_zero,road_runner,0,30000,0,6000.0,945.0
ablation,slim_zero,road_runner,0,30000,1,8300.0,1017.0
ablation,slim_zero,road_runner,0,30000,2,5000.0,934.0
ablation,slim_zero,road_runner,0,30000,3,9900.0,940.0
ablation,slim_zero,road_runner,0,30000,4,5800.0,949.0
ablation,slim_zero,road_runner,0,30000,5,3700.0,933.0
ablation,slim_zero,road_runner,0,30000,6,4100.0,978.0
ablation,slim_zero,road_runner,0,30000,7,3200.0,931.0
ablation,slim_zero,road_runner,0,30000,8,7500.0,934.0
ablation,slim_zero,road_runner,0,30000,9,4000.0,928.0
ablation,slim_zero,road_runner,0,40000,0,7400.0,957.0
ablation,slim_zero,road_runner,0,40000,1,7600.0,1004.0
ablation,slim_zero,road_runner,0,40000,2,8600.0,1044.0
ablation,slim_zero,road_runner,0,40000,3,5300.0,987.0
ablation,slim_zero,road_runner,0,40000,4,7500.0,994.0
ablation,slim_zero,road_runner,0,40000,5,8600.0,1046.0
ablation,slim_zero,road_runner,0,40000,6,6200.0,1047.0
ablation,slim_zero,road_runner,0,40000,7,6000.0,994.0
ablation,slim_zero,road_runner,0,40000,8,7200.0,1026.0
ablation,slim_zero,road_runner,0,40000,9,7400.0,976.0
ablation,slim_zero,road_runner,0,50000,0,7500.0,1121.0
ablation,slim_zero,road_runner,0,50000,1,7100.0,1094.0
ablation,slim_zero,road_runner,0,50000,2,8000.0,1177.0
ablation,slim_zero,road_runner,0,50000,3,8500.0,891.0
ablation,slim_zero,road_runner,0,50000,4,10200.0,892.0
ablation,slim_zero,road_runner,0,50000,5,5100.0,954.0
ablation,slim_zero,road_runner,0,50000,6,6400.0,1044.0
ablation,slim_zero,road_runner,0,50000,7,6500.0,982.0
ablation,slim_zero,road_runner,0,50000,8,8700.0,1171.0
ablation,slim_zero,road_runner,0,50000,9,5200.0,910.0
ablation,slim_zero,road_runner,0,60000,0,6500.0,935.0
ablation,slim_zero,road_runner,0,60000,1,8200.0,857.0
ablation,slim_zero,road_runner,0,60000,2,9800.0,952.0
ablation,slim_zero,road_runner,0,60000,3,4600.0,1028.0
ablation,slim_zero,road_runner,0,60000,4,10000.0,925.0
ablation,slim_zero,road_runner,0,60000,5,6300.0,969.0
ablation,slim_zero,road_runner,0,60000,6,3500.0,555.0
ablation,slim_zero,road_runner,0,60000,7,5900.0,970.0
ablation,slim_zero,road_runner,0,60000,8,6000.0,943.0
ablation,slim_zero,road_runner,0,60000,9,5100.0,924.0
ablation,slim_zero,road_runner,0,70000,0,5400.0,1037.0
ablation,slim_zero,road_runner,0,70000,1,400.0,421.0
ablation,slim_zero,road_runner,0,70000,2,6200.0,971.0
ablation,slim_zero,road_runner,0,70000,3,7300.0,1010.0
ablation,slim_zero,road_runner,0,70000,4,5100.0,1030.0
ablation,slim_zero,road_runner,0,70000,5,1600.0,978.0
ablation,slim_zero,road_runner,0,70000,6,1400.0,519.0
ablation,slim_zero,road_runner,0,70000,7,7000.0,943.0
ablation,slim_zero,road_runner,0,70000,8,2500.0,952.0
ablation,slim_zero,road_runner,0,70000,9,5500.0,921.0
ablation,slim_zero,road_runner,0,80000,0,10800.0,973.0
ablation,slim_zero,road_runner,0,80000,1,7500.0,1020.0
ablation,slim_zero,road_runner,0,80000,2,9000.0,962.0
ablation,slim_zero,road_runner,0,80000,3,10900.0,1016.0
ablation,slim_zero,road_runner,0,80000,4,8700.0,986.0
ablation,slim_zero,road_runner,0,80000,5,5100.0,907.0
ablation,slim_zero,road_runner,0,80000,6,10200.0,989.0
ablation,slim_zero,road_runner,0,80000,7,5500.0,984.0
ablation,slim_zero,road_runner,0,80000,8,11300.0,1036.0
ablation,slim_zero,road_runner,0,80000,9,5800.0,914.0
ablation,slim_zero,road_runner,0,90000,0,8900.0,997.0
ablation,slim_zero,road_runner,0,90000,1,9200.0,1024.0
ablation,slim_zero,road_runner,0,90000,2,9400.0,1031.0
ablation,slim_zero,road_runner,0,90000,3,8000.0,961.0
ablation,slim_zero,road_runner,0,90000,4,5500.0,961.0
ablation,slim_zero,road_runner,0,90000,5,7800.0,949.0
ablation,slim_zero,road_runner,0,90000,6,4900.0,1025.0
ablation,slim_zero,road_runner,0,90000,7,4900.0,927.0
ablation,slim_zero,road_runner,0,90000,8,6600.0,972.0
ablation,slim_zero,road_runner,0,90000,9,6500.0,944.0
ablation,slim_zero,road_runner,0,100000,0,7900.0,995.0
ablation,slim_zero,road_runner,0,100000,1,8200.0,1048.0
ablation,slim_zero,road_runner,0,100000,2,9400.0,1068.0
ablation,slim_zero,road_runner,0,100000,3,9200.0,975.0
ablation,slim_zero,road_runner,0,100000,4,6400.0,972.0
ablation,slim_zero,road_runner,0,100000,5,5400.0,912.0
ablation,slim_zero,road_runner,0,100000,6,7200.0,994.0
ablation,slim_zero,road_runner,0,100000,7,6400.0,876.0
ablation,slim_zero,road_runner,0,100000,8,8600.0,1012.0
ablation,slim_zero,road_runner,0,100000,9,6300.0,913.0
ablation,slim_zero,road_runner,0,100000,10,6400.0,1033.0
ablation,slim_zero,road_runner,0,100000,11,7800.0,983.0
ablation,slim_zero,road_runner,0,100000,12,11000.0,954.0
ablation,slim_zero,road_runner,0,100000,13,9100.0,988.0
ablation,slim_zero,road_runner,0,100000,14,7200.0,1092.0
ablation,slim_zero,road_runner,0,100000,15,5500.0,790.0
ablation,slim_zero,road_runner,0,100000,16,3700.0,684.0
ablation,slim_zero,road_runner,0,100000,17,5000.0,982.0
ablation,slim_zero,road_runner,0,100000,18,6100.0,985.0
ablation,slim_zero,road_runner,0,100000,19,10200.0,980.0
ablation,slim_zero,road_runner,0,100000,20,6100.0,930.0
ablation,slim_zero,road_runner,0,100000,21,9900.0,998.0
ablation,slim_zero,road_runner,0,100000,22,8500.0,1011.0
ablation,slim_zero,road_runner,0,100000,23,3500.0,370.0
ablation,slim_zero,road_runner,0,100000,24,5900.0,926.0
ablation,slim_zero,road_runner,0,100000,25,9300.0,992.0
ablation,slim_zero,road_runner,0,100000,26,9500.0,1030.0
ablation,slim_zero,road_runner,0,100000,27,6800.0,909.0
ablation,slim_zero,road_runner,0,100000,28,8000.0,1049.0
ablation,slim_zero,road_runner,0,100000,29,11700.0,950.0
ablation,slim_zero,road_runner,0,100000,30,9600.0,1016.0
ablation,slim_zero,road_runner,0,100000,31,4900.0,791.0
ablation,slim_zero,road_runner,0,100000,32,3700.0,910.0
ablation,slim_zero,road_runner,0,100000,33,10100.0,997.0
ablation,slim_zero,road_runner,0,100000,34,4700.0,937.0
ablation,slim_zero,road_runner,0,100000,35,6900.0,943.0
ablation,slim_zero,road_runner,0,100000,36,6900.0,962.0
ablation,slim_zero,road_runner,0,100000,37,4000.0,882.0
ablation,slim_zero,road_runner,0,100000,38,4800.0,947.0
ablation,slim_zero,road_runner,0,100000,39,5700.0,903.0
ablation,slim_zero,road_runner,0,100000,40,5400.0,916.0
ablation,slim_zero,road_runner,0,100000,41,8900.0,965.0
ablation,slim_zero,road_runner,0,100000,42,5600.0,873.0
ablation,slim_zero,road_runner,0,100000,43,11400.0,1081.0
ablation,slim_zero,road_runner,0,100000,44,6800.0,886.0
ablation,slim_zero,road_runner,0,100000,45,8000.0,980.0
ablation,slim_zero,road_runner,0,100000,46,12600.0,1025.0
ablation,slim_zero,road_runner,0,100000,47,5700.0,904.0
ablation,slim_zero,road_runner,0,100000,48,10500.0,969.0
ablation,slim_zero,road_runner,0,100000,49,3700.0,908.0
ablation,slim_zero,road_runner,0,100000,50,10200.0,972.0
ablation,slim_zero,road_runner,0,100000,51,10800.0,965.0
ablation,slim_zero,road_runner,0,100000,52,4300.0,1030.0
ablation,slim_zero,road_runner,0,100000,53,8100.0,973.0
ablation,slim_zero,road_runner,0,100000,54,5800.0,922.0
ablation,slim_zero,road_runner,0,100000,55,6500.0,1013.0
ablation,slim_zero,road_runner,0,100000,56,9000.0,1015.0
ablation,slim_zero,road_runner,0,100000,57,11000.0,1000.0
ablation,slim_zero,road_runner,0,100000,58,10200.0,1017.0
ablation,slim_zero,road_runner,0,100000,59,10100.0,1069.0
ablation,slim_zero,road_runner,0,100000,60,7200.0,990.0
ablation,slim_zero,road_runner,0,100000,61,8200.0,1008.0
ablation,slim_zero,road_runner,0,100000,62,7100.0,918.0
ablation,slim_zero,road_runner,0,100000,63,6200.0,1118.0
ablation,slim_zero,road_runner,0,100000,64,7300.0,986.0
ablation,slim_zero,road_runner,0,100000,65,10500.0,951.0
ablation,slim_zero,road_runner,0,100000,66,3500.0,1035.0
ablation,slim_zero,road_runner,0,100000,67,4900.0,903.0
ablation,slim_zero,road_runner,0,100000,68,9100.0,971.0
ablation,slim_zero,road_runner,0,100000,69,8700.0,1080.0
ablation,slim_zero,road_runner,0,100000,70,5600.0,963.0
ablation,slim_zero,road_runner,0,100000,71,6100.0,994.0
ablation,slim_zero,road_runner,0,100000,72,9700.0,965.0
ablation,slim_zero,road_runner,0,100000,73,10200.0,1012.0
ablation,slim_zero,road_runner,0,100000,74,8300.0,988.0
ablation,slim_zero,road_runner,0,100000,75,5700.0,899.0
ablation,slim_zero,road_runner,0,100000,76,8100.0,967.0
ablation,slim_zero,road_runner,0,100000,77,7100.0,1063.0
ablation,slim_zero,road_runner,0,100000,78,5400.0,652.0
ablation,slim_zero,road_runner,0,100000,79,4800.0,914.0
ablation,slim_zero,road_runner,0,100000,80,7600.0,1073.0
ablation,slim_zero,road_runner,0,100000,81,8300.0,969.0
ablation,slim_zero,road_runner,0,100000,82,7600.0,962.0
ablation,slim_zero,road_runner,0,100000,83,9100.0,976.0
ablation,slim_zero,road_runner,0,100000,84,10000.0,933.0
ablation,slim_zero,road_runner,0,100000,85,7100.0,980.0
ablation,slim_zero,road_runner,0,100000,86,4000.0,866.0
ablation,slim_zero,road_runner,0,100000,87,8800.0,1045.0
ablation,slim_zero,road_runner,0,100000,88,8300.0,910.0
ablation,slim_zero,road_runner,0,100000,89,7700.0,966.0
ablation,slim_zero,road_runner,0,100000,90,6700.0,758.0
ablation,slim_zero,road_runner,0,100000,91,9300.0,994.0
ablation,slim_zero,road_runner,0,100000,92,8100.0,1005.0
ablation,slim_zero,road_runner,0,100000,93,9000.0,990.0
ablation,slim_zero,road_runner,0,100000,94,6900.0,981.0
ablation,slim_zero,road_runner,0,100000,95,11200.0,960.0
ablation,slim_zero,road_runner,0,100000,96,4300.0,1100.0
ablation,slim_zero,road_runner,0,100000,97,5800.0,964.0
ablation,slim_zero,road_runner,0,100000,98,8600.0,1023.0
ablation,slim_zero,road_runner,0,100000,99,4900.0,1027.0
comparator,baseline,boxing,0,10000,0,28.0,1780.0
comparator,baseline,boxing,0,10000,1,10.0,1781.0
comparator,baseline,boxing,0,10000,2,-1.0,1786.0
comparator,baseline,boxing,0,10000,3,22.0,1784.0
comparator,baseline,boxing,0,10000,4,1.0,1784.0
comparator,baseline,boxing,0,10000,5,8.0,1785.0
comparator,baseline,boxing,0,10000,6,-3.0,1785.0
comparator,baseline,boxing,0,10000,7,15.0,1779.0
comparator,baseline,boxing,0,10000,8,10.0,1786.0
comparator,baseline,boxing,0,10000,9,29.0,1780.0
comparator,baseline,boxing,0,20000,0,33.0,1780.0
comparator,baseline,boxing,0,20000,1,9.0,1781.0
comparator,baseline,boxing,0,20000,2,16.0,1786.0
comparator,baseline,boxing,0,20000,3,26.0,1784.0
comparator,baseline,boxing,0,20000,4,12.0,1784.0
comparator,baseline,boxing,0,20000,5,4.0,1785.0
comparator,baseline,boxing,0,20000,6,5.0,1785.0
comparator,baseline,boxing,0,20000,7,9.0,1779.0
comparator,baseline,boxing,0,20000,8,4.0,1786.0
comparator,baseline,boxing,0,20000,9,12.0,1780.0
comparator,baseline,boxing,0,30000,0,47.0,1780.0
comparator,baseline,boxing,0,30000,1,13.0,1781.0
comparator,baseline,boxing,0,30000,2,20.0,1786.0
comparator,baseline,boxing,0,30000,3,18.0,1784.0
comparator,baseline,boxing,0,30000,4,31.0,1784.0
comparator,baseline,boxing,0,30000,5,32.0,1785.0
comparator,baseline,boxing,0,30000,6,34.0,1785.0
comparator,baseline,boxing,0,30000,7,34.0,1779.0
comparator,baseline,boxing,0,30000,8,13.0,1786.0
comparator,baseline,boxing,0,30000,9,36.0,1780.0
comparator,baseline,boxing,0,40000,0,30.0,1780.0
comparator,baseline,boxing,0,40000,1,1.0,1781.0
comparator,baseline,boxing,0,40000,2,46.0,1786.0
comparator,baseline,boxing,0,40000,3,21.0,1784.0
comparator,baseline,boxing,0,40000,4,15.0,1784.0
comparator,baseline,boxing,0,40000,5,22.0,1785.0
comparator,baseline,boxing,0,40000,6,30.0,1785.0
comparator,baseline,boxing,0,40000,7,23.0,1779.0
comparator,baseline,boxing,0,40000,8,23.0,1786.0
comparator,baseline,boxing,0,40000,9,7.0,1780.0
comparator,baseline,boxing,0,50000,0,21.0,1780.0
comparator,baseline,boxing,0,50000,1,32.0,1781.0
comparator,baseline,boxing,0,50000,2,11.0,1786.0
comparator,baseline,boxing,0,50000,3,36.0,1784.0
comparator,baseline,boxing,0,50000,4,24.0,1784.0
comparator,baseline,boxing,0,50000,5,29.0,1785.0
comparator,baseline,boxing,0,50000,6,21.0,1785.0
comparator,baseline,boxing,0,50000,7,14.0,1779.0
comparator,baseline,boxing,0,50000,8,36.0,1786.0
comparator,baseline,boxing,0,50000,9,9.0,1780.0
comparator,baseline,boxing,0,60000,0,42.0,1780.0
comparator,baseline,boxing,0,60000,1,29.0,1781.0
comparator,baseline,boxing,0,60000,2,49.0,1786.0
comparator,baseline,boxing,0,60000,3,26.0,1784.0
comparator,baseline,boxing,0,60000,4,42.0,1784.0
comparator,baseline,boxing,0,60000,5,31.0,1785.0
comparator,baseline,boxing,0,60000,6,25.0,1785.0
comparator,baseline,boxing,0,60000,7,20.0,1779.0
comparator,baseline,boxing,0,60000,8,33.0,1786.0
comparator,baseline,boxing,0,60000,9,51.0,1780.0
comparator,baseline,boxing,0,70000,0,41.0,1780.0
comparator,baseline,boxing,0,70000,1,30.0,1781.0
comparator,baseline,boxing,0,70000,2,33.0,1786.0
comparator,baseline,boxing,0,70000,3,42.0,1784.0
comparator,baseline,boxing,0,70000,4,36.0,1784.0
comparator,baseline,boxing,0,70000,5,23.0,1785.0
comparator,baseline,boxing,0,70000,6,38.0,1785.0
comparator,baseline,boxing,0,70000,7,43.0,1779.0
comparator,baseline,boxing,0,70000,8,43.0,1786.0
comparator,baseline,boxing,0,70000,9,38.0,1780.0
comparator,baseline,boxing,0,80000,0,57.0,1780.0
comparator,baseline,boxing,0,80000,1,65.0,1781.0
comparator,baseline,boxing,0,80000,2,56.0,1786.0
comparator,baseline,boxing,0,80000,3,56.0,1784.0
comparator,baseline,boxing,0,80000,4,36.0,1784.0
comparator,baseline,boxing,0,80000,5,35.0,1785.0
comparator,baseline,boxing,0,80000,6,26.0,1785.0
comparator,baseline,boxing,0,80000,7,51.0,1779.0
comparator,baseline,boxing,0,80000,8,17.0,1786.0
comparator,baseline,boxing,0,80000,9,52.0,1780.0
comparator,baseline,boxing,0,90000,0,23.0,1780.0
comparator,baseline,boxing,0,90000,1,15.0,1781.0
comparator,baseline,boxing,0,90000,2,43.0,1786.0
comparator,baseline,boxing,0,90000,3,35.0,1784.0
comparator,baseline,boxing,0,90000,4,35.0,1784.0
comparator,baseline,boxing,0,90000,5,37.0,1785.0
comparator,baseline,boxing,0,90000,6,17.0,1785.0
comparator,baseline,boxing,0,90000,7,31.0,1779.0
comparator,baseline,boxing,0,90000,8,25.0,1786.0
comparator,baseline,boxing,0,90000,9,53.0,1780.0
comparator,baseline,boxing,0,100000,0,76.0,1720.0
comparator,baseline,boxing,0,100000,1,78.0,1495.0
comparator,baseline,boxing,0,100000,2,58.0,1786.0
comparator,baseline,boxing,0,100000,3,47.0,1784.0
comparator,baseline,boxing,0,100000,4,55.0,1784.0
comparator,baseline,boxing,0,100000,5,42.0,1785.0
comparator,baseline,boxing,0,100000,6,62.0,1785.0
comparator,baseline,boxing,0,100000,7,68.0,1779.0
comparator,baseline,boxing,0,100000,8,78.0,1655.0
comparator,baseline,boxing,0,100000,9,53.0,1780.0
comparator,baseline,boxing,0,100000,10,78.0,1751.0
comparator,baseline,boxing,0,100000,11,51.0,1784.0
comparator,baseline,boxing,0,100000,12,72.0,1710.0
comparator,baseline,boxing,0,100000,13,56.0,1782.0
comparator,baseline,boxing,0,100000,14,61.0,1781.0
comparator,baseline,boxing,0,100000,15,63.0,1782.0
comparator,baseline,boxing,0,100000,16,55.0,1780.0
comparator,baseline,boxing,0,100000,17,71.0,1783.0
comparator,baseline,boxing,0,100000,18,59.0,1782.0
comparator,baseline,boxing,0,100000,19,59.0,1780.0
comparator,baseline,boxing,0,100000,20,50.0,1781.0
comparator,baseline,boxing,0,100000,21,55.0,1783.0
comparator,baseline,boxing,0,100000,22,58.0,1784.0
comparator,baseline,boxing,0,100000,23,64.0,1781.0
comparator,baseline,boxing,0,100000,24,58.0,1784.0
comparator,baseline,boxing,0,100000,25,54.0,1786.0
comparator,baseline,boxing,0,100000,26,60.0,1784.0
comparator,baseline,boxing,0,100000,27,40.0,1780.0
comparator,baseline,boxing,0,100000,28,61.0,1781.0
comparator,baseline,boxing,0,100000,29,40.0,1784.0
comparator,baseline,boxing,0,100000,30,57.0,1781.0
comparator,baseline,boxing,0,100000,31,64.0,1782.0
comparator,baseline,boxing,0,100000,32,50.0,1783.0
comparator,baseline,boxing,0,100000,33,74.0,1776.0
comparator,baseline,boxing,0,100000,34,80.0,1696.0
comparator,baseline,boxing,0,100000,35,48.0,1781.0
comparator,baseline,boxing,0,100000,36,56.0,1780.0
comparator,baseline,boxing,0,100000,37,77.0,1703.0
comparator,baseline,boxing,0,100000,38,50.0,1784.0
comparator,baseline,boxing,0,100000,39,53.0,1779.0
comparator,baseline,boxing,0,100000,40,52.0,1784.0
comparator,baseline,boxing,0,100000,41,69.0,1783.0
comparator,baseline,boxing,0,100000,42,67.0,1756.0
comparator,baseline,boxing,0,100000,43,65.0,1783.0
comparator,baseline,boxing,0,100000,44,45.0,1781.0
comparator,baseline,boxing,0,100000,45,69.0,1783.0
comparator,baseline,boxing,0,100000,46,69.0,1784.0
comparator,baseline,boxing,0,100000,47,45.0,1785.0
comparator,baseline,boxing,0,100000,48,67.0,1782.0
comparator,baseline,boxing,0,100000,49,52.0,1779.0
comparator,baseline,boxing,0,100000,50,68.0,1782.0
comparator,baseline,boxing,0,100000,51,63.0,1786.0
comparator,baseline,boxing,0,100000,52,67.0,1782.0
comparator,baseline,boxing,0,100000,53,81.0,1764.0
comparator,baseline,boxing,0,100000,54,71.0,1781.0
comparator,baseline,boxing,0,100000,55,77.0,1779.0
comparator,baseline,boxing,0,100000,56,46.0,1782.0
comparator,baseline,boxing,0,100000,57,81.0,1727.0
comparator,baseline,boxing,0,100000,58,64.0,1782.0
comparator,baseline,boxing,0,100000,59,52.0,1783.0
comparator,baseline,boxing,0,100000,60,51.0,1784.0
comparator,baseline,boxing,0,100000,61,55.0,1784.0
comparator,baseline,boxing,0,100000,62,58.0,1785.0
comparator,baseline,boxing,0,100000,63,51.0,1780.0
comparator,baseline,boxing,0,100000,64,77.0,1784.0
comparator,baseline,boxing,0,100000,65,77.0,1718.0
comparator,baseline,boxing,0,100000,66,64.0,1782.0
comparator,baseline,boxing,0,100000,67,60.0,1780.0
comparator,baseline,boxing,0,100000,68,68.0,1782.0
comparator,baseline,boxing,0,100000,69,63.0,1781.0
comparator,baseline,boxing,0,100000,70,59.0,1780.0
comparator,baseline,boxing,0,100000,71,42.0,1781.0
comparator,baseline,boxing,0,100000,72,55.0,1785.0
comparator,baseline,boxing,0,100000,73,35.0,1784.0
comparator,baseline,boxing,0,100000,74,76.0,1731.0
comparator,baseline,boxing,0,100000,75,55.0,1780.0
comparator,baseline,boxing,0,100000,76,62.0,1780.0
comparator,baseline,boxing,0,100000,77,49.0,1779.0
comparator,baseline,boxing,0,100000,78,64.0,1784.0
comparator,baseline,boxing,0,100000,79,76.0,1783.0
comparator,baseline,boxing,0,100000,80,73.0,1782.0
comparator,baseline,boxing,0,100000,81,66.0,1785.0
comparator,baseline,boxing,0,100000,82,74.0,1762.0
comparator,baseline,boxing,0,100000,83,47.0,1782.0
comparator,baseline,boxing,0,100000,84,35.0,1781.0
comparator,baseline,boxing,0,100000,85,51.0,1781.0
comparator,baseline,boxing,0,100000,86,78.0,1783.0
comparator,baseline,boxing,0,100000,87,61.0,1784.0
comparator,baseline,boxing,0,100000,88,48.0,1786.0
comparator,baseline,boxing,0,100000,89,37.0,1785.0
comparator,baseline,boxing,0,100000,90,71.0,1785.0
comparator,baseline,boxing,0,100000,91,55.0,1784.0
comparator,baseline,boxing,0,100000,92,70.0,1785.0
comparator,baseline,boxing,0,100000,93,69.0,1779.0
comparator,baseline,boxing,0,100000,94,45.0,1785.0
comparator,baseline,boxing,0,100000,95,76.0,1761.0
comparator,baseline,boxing,0,100000,96,62.0,1780.0
comparator,baseline,boxing,0,100000,97,44.0,1780.0
comparator,baseline,boxing,0,100000,98,44.0,1784.0
comparator,baseline,boxing,0,100000,99,79.0,1651.0
comparator,baseline,up_n_down,0,10000,0,20.0,309.0
comparator,baseline,up_n_down,0,10000,1,20.0,311.0
comparator,baseline,up_n_down,0,10000,2,30.0,320.0
comparator,baseline,up_n_down,0,10000,3,20.0,313.0
comparator,baseline,up_n_down,0,10000,4,30.0,317.0
comparator,baseline,up_n_down,0,10000,5,20.0,315.0
comparator,baseline,up_n_down,0,10000,6,20.0,315.0
comparator,baseline,up_n_down,0,10000,7,30.0,313.0
comparator,baseline,up_n_down,0,10000,8,20.0,318.0
comparator,baseline,up_n_down,0,10000,9,20.0,310.0
comparator,baseline,up_n_down,0,20000,0,2680.0,1201.0
comparator,baseline,up_n_down,0,20000,1,3680.0,1208.0
comparator,baseline,up_n_down,0,20000,2,7170.0,2792.0
comparator,baseline,up_n_down,0,20000,3,1670.0,1037.0
comparator,baseline,up_n_down,0,20000,4,5680.0,1847.0
comparator,baseline,up_n_down,0,20000,5,3220.0,1436.0
comparator,baseline,up_n_down,0,20000,6,1170.0,864.0
comparator,baseline,up_n_down,0,20000,7,4810.0,1728.0
comparator,baseline,up_n_down,0,20000,8,1440.0,656.0
comparator,baseline,up_n_down,0,20000,9,4720.0,1581.0
comparator,baseline,up_n_down,0,30000,0,2470.0,539.0
comparator,baseline,up_n_down,0,30000,1,1410.0,1244.0
comparator,baseline,up_n_down,0,30000,2,2580.0,1050.0
comparator,baseline,up_n_down,0,30000,3,800.0,923.0
comparator,baseline,up_n_down,0,30000,4,2600.0,1402.0
comparator,baseline,up_n_down,0,30000,5,4420.0,928.0
comparator,baseline,up_n_down,0,30000,6,2250.0,841.0
comparator,baseline,up_n_down,0,30000,7,890.0,410.0
comparator,baseline,up_n_down,0,30000,8,1670.0,1034.0
comparator,baseline,up_n_down,0,30000,9,2010.0,932.0
comparator,baseline,up_n_down,0,40000,0,5660.0,2134.0
comparator,baseline,up_n_down,0,40000,1,2620.0,781.0
comparator,baseline,up_n_down,0,40000,2,5650.0,1798.0
comparator,baseline,up_n_down,0,40000,3,8650.0,2118.0
comparator,baseline,up_n_down,0,40000,4,5820.0,1902.0
comparator,baseline,up_n_down,0,40000,5,3380.0,1199.0
comparator,baseline,up_n_down,0,40000,6,4480.0,1847.0
comparator,baseline,up_n_down,0,40000,7,3720.0,1250.0
comparator,baseline,up_n_down,0,40000,8,5070.0,1511.0
comparator,baseline,up_n_down,0,40000,9,5750.0,1790.0
comparator,baseline,up_n_down,0,50000,0,12650.0,5222.0
comparator,baseline,up_n_down,0,50000,1,24850.0,11305.0
comparator,baseline,up_n_down,0,50000,2,13300.0,5628.0
comparator,baseline,up_n_down,0,50000,3,10880.0,3661.0
comparator,baseline,up_n_down,0,50000,4,8490.0,4255.0
comparator,baseline,up_n_down,0,50000,5,6100.0,1717.0
comparator,baseline,up_n_down,0,50000,6,15470.0,7177.0
comparator,baseline,up_n_down,0,50000,7,18270.0,7815.0
comparator,baseline,up_n_down,0,50000,8,6070.0,1669.0
comparator,baseline,up_n_down,0,50000,9,21800.0,8979.0
comparator,baseline,up_n_down,0,60000,0,91670.0,27001.0
comparator,baseline,up_n_down,0,60000,1,101820.0,27001.0
comparator,baseline,up_n_down,0,60000,2,96380.0,27001.0
comparator,baseline,up_n_down,0,60000,3,95100.0,27001.0
comparator,baseline,up_n_down,0,60000,4,76860.0,27001.0
comparator,baseline,up_n_down,0,60000,5,101180.0,27001.0
comparator,baseline,up_n_down,0,60000,6,109500.0,27001.0
comparator,baseline,up_n_down,0,60000,7,92990.0,27001.0
comparator,baseline,up_n_down,0,60000,8,104780.0,27001.0
comparator,baseline,up_n_down,0,60000,9,104620.0,27001.0
comparator,baseline,up_n_down,0,70000,0,17470.0,4774.0
comparator,baseline,up_n_down,0,70000,1,6760.0,2936.0
comparator,baseline,up_n_down,0,70000,2,19190.0,5615.0
comparator,baseline,up_n_down,0,70000,3,18220.0,5339.0
comparator,baseline,up_n_down,0,70000,4,6520.0,2223.0
comparator,baseline,up_n_down,0,70000,5,18920.0,5160.0
comparator,baseline,up_n_down,0,70000,6,39520.0,12592.0
comparator,baseline,up_n_down,0,70000,7,28460.0,6990.0
comparator,baseline,up_n_down,0,70000,8,22950.0,5869.0
comparator,baseline,up_n_down,0,70000,9,15570.0,4764.0
comparator,baseline,up_n_down,0,80000,0,83260.0,20566.0
comparator,baseline,up_n_down,0,80000,1,93310.0,24480.0
comparator,baseline,up_n_down,0,80000,2,6070.0,1189.0
comparator,baseline,up_n_down,0,80000,3,51680.0,12915.0
comparator,baseline,up_n_down,0,80000,4,114840.0,27001.0
comparator,baseline,up_n_down,0,80000,5,27990.0,6246.0
comparator,baseline,up_n_down,0,80000,6,70220.0,18896.0
comparator,baseline,up_n_down,0,80000,7,52800.0,13423.0
comparator,baseline,up_n_down,0,80000,8,29510.0,8047.0
comparator,baseline,up_n_down,0,80000,9,89290.0,21244.0
comparator,baseline,up_n_down,0,90000,0,23080.0,4788.0
comparator,baseline,up_n_down,0,90000,1,4610.0,1084.0
comparator,baseline,up_n_down,0,90000,2,6460.0,1501.0
comparator,baseline,up_n_down,0,90000,3,11000.0,4022.0
comparator,baseline,up_n_down,0,90000,4,30580.0,7889.0
comparator,baseline,up_n_down,0,90000,5,79190.0,19808.0
comparator,baseline,up_n_down,0,90000,6,6690.0,1540.0
comparator,baseline,up_n_down,0,90000,7,29400.0,8976.0
comparator,baseline,up_n_down,0,90000,8,4270.0,878.0
comparator,baseline,up_n_down,0,90000,9,12250.0,2815.0
comparator,baseline,up_n_down,0,100000,0,8220.0,1423.0
comparator,baseline,up_n_down,0,100000,1,12990.0,2727.0
comparator,baseline,up_n_down,0,100000,2,21250.0,4260.0
comparator,baseline,up_n_down,0,100000,3,5420.0,1089.0
comparator,baseline,up_n_down,0,100000,4,55760.0,12886.0
comparator,baseline,up_n_down,0,100000,5,9280.0,2333.0
comparator,baseline,up_n_down,0,100000,6,8120.0,1907.0
comparator,baseline,up_n_down,0,100000,7,34460.0,9452.0
comparator,baseline,up_n_down,0,100000,8,3900.0,902.0
comparator,baseline,up_n_down,0,100000,9,8390.0,2172.0
comparator,baseline,up_n_down,0,100000,10,11840.0,2159.0
comparator,baseline,up_n_down,0,100000,11,21440.0,4412.0
comparator,baseline,up_n_down,0,100000,12,9620.0,2222.0
comparator,baseline,up_n_down,0,100000,13,4910.0,1086.0
comparator,baseline,up_n_down,0,100000,14,5500.0,1398.0
comparator,baseline,up_n_down,0,100000,15,5590.0,1053.0
comparator,baseline,up_n_down,0,100000,16,7680.0,1529.0
comparator,baseline,up_n_down,0,100000,17,5420.0,1414.0
comparator,baseline,up_n_down,0,100000,18,5840.0,1143.0
comparator,baseline,up_n_down,0,100000,19,4860.0,1162.0
comparator,baseline,up_n_down,0,100000,20,8290.0,1534.0
comparator,baseline,up_n_down,0,100000,21,11870.0,2684.0
comparator,baseline,up_n_down,0,100000,22,5100.0,912.0
comparator,baseline,up_n_down,0,100000,23,17980.0,4143.0
comparator,baseline,up_n_down,0,100000,24,9960.0,2127.0
comparator,baseline,up_n_down,0,100000,25,26670.0,5736.0
comparator,baseline,up_n_down,0,100000,26,8960.0,2437.0
comparator,baseline,up_n_down,0,100000,27,7920.0,2067.0
comparator,baseline,up_n_down,0,100000,28,22260.0,4760.0
comparator,baseline,up_n_down,0,100000,29,11260.0,2522.0
comparator,baseline,up_n_down,0,100000,30,5180.0,1051.0
comparator,baseline,up_n_down,0,100000,31,4820.0,1434.0
comparator,baseline,up_n_down,0,100000,32,3890.0,883.0
comparator,baseline,up_n_down,0,100000,33,6850.0,1802.0
comparator,baseline,up_n_down,0,100000,34,4650.0,840.0
comparator,baseline,up_n_down,0,100000,35,6340.0,1624.0
comparator,baseline,up_n_down,0,100000,36,9540.0,1623.0
comparator,baseline,up_n_down,0,100000,37,9390.0,2501.0
comparator,baseline,up_n_down,0,100000,38,7010.0,1416.0
comparator,baseline,up_n_down,0,100000,39,21620.0,6112.0
comparator,baseline,up_n_down,0,100000,40,6270.0,1502.0
comparator,baseline,up_n_down,0,100000,41,7190.0,1536.0
comparator,baseline,up_n_down,0,100000,42,15400.0,3834.0
comparator,baseline,up_n_down,0,100000,43,17050.0,3948.0
comparator,baseline,up_n_down,0,100000,44,4230.0,1128.0
comparator,baseline,up_n_down,0,100000,45,17290.0,4159.0
comparator,baseline,up_n_down,0,100000,46,14910.0,3718.0
comparator,baseline,up_n_down,0,100000,47,5710.0,1234.0
comparator,baseline,up_n_down,0,100000,48,4750.0,995.0
comparator,baseline,up_n_down,0,100000,49,9080.0,1528.0
comparator,baseline,up_n_down,0,100000,50,18950.0,5056.0
comparator,baseline,up_n_down,0,100000,51,14120.0,2444.0
comparator,baseline,up_n_down,0,100000,52,16180.0,3828.0
comparator,baseline,up_n_down,0,100000,53,61490.0,14369.0
comparator,baseline,up_n_down,0,100000,54,8570.0,2464.0
comparator,baseline,up_n_down,0,100000,55,3810.0,762.0
comparator,baseline,up_n_down,0,100000,56,7680.0,1843.0
comparator,baseline,up_n_down,0,100000,57,6600.0,1403.0
comparator,baseline,up_n_down,0,100000,58,14360.0,3462.0
comparator,baseline,up_n_down,0,100000,59,4870.0,1191.0
comparator,baseline,up_n_down,0,100000,60,9430.0,2548.0
comparator,baseline,up_n_down,0,100000,61,3840.0,828.0
comparator,baseline,up_n_down,0,100000,62,18240.0,3452.0
comparator,baseline,up_n_down,0,100000,63,9360.0,1963.0
comparator,baseline,up_n_down,0,100000,64,9760.0,2453.0
comparator,baseline,up_n_down,0,100000,65,3000.0,745.0
comparator,baseline,up_n_down,0,100000,66,21250.0,5065.0
comparator,baseline,up_n_down,0,100000,67,10780.0,2392.0
comparator,baseline,up_n_down,0,100000,68,8660.0,2611.0
comparator,baseline,up_n_down,0,100000,69,17510.0,3551.0
comparator,baseline,up_n_down,0,100000,70,39010.0,9049.0
comparator,baseline,up_n_down,0,100000,71,5640.0,1145.0
comparator,baseline,up_n_down,0,100000,72,20060.0,4437.0
comparator,baseline,up_n_down,0,100000,73,7080.0,1531.0
comparator,baseline,up_n_down,0,100000,74,22540.0,5683.0
comparator,baseline,up_n_down,0,100000,75,3940.0,971.0
comparator,baseline,up_n_down,0,100000,76,9030.0,1927.0
comparator,baseline,up_n_down,0,100000,77,9870.0,2629.0
comparator,baseline,up_n_down,0,100000,78,12330.0,2310.0
comparator,baseline,up_n_down,0,100000,79,22000.0,4826.0
comparator,baseline,up_n_down,0,100000,80,5170.0,1027.0
comparator,baseline,up_n_down,0,100000,81,41970.0,11076.0
comparator,baseline,up_n_down,0,100000,82,20970.0,5252.0
comparator,baseline,up_n_down,0,100000,83,22420.0,5498.0
comparator,baseline,up_n_down,0,100000,84,9180.0,2795.0
comparator,baseline,up_n_down,0,100000,85,15540.0,3600.0
comparator,baseline,up_n_down,0,100000,86,50670.0,11781.0
comparator,baseline,up_n_down,0,100000,87,7590.0,1709.0
comparator,baseline,up_n_down,0,100000,88,11570.0,2377.0
comparator,baseline,up_n_down,0,100000,89,6490.0,1224.0
comparator,baseline,up_n_down,0,100000,90,23950.0,5379.0
comparator,baseline,up_n_down,0,100000,91,27380.0,7037.0
comparator,baseline,up_n_down,0,100000,92,21520.0,5332.0
comparator,baseline,up_n_down,0,100000,93,11030.0,2144.0
comparator,baseline,up_n_down,0,100000,94,4520.0,1117.0
comparator,baseline,up_n_down,0,100000,95,11950.0,2977.0
comparator,baseline,up_n_down,0,100000,96,28960.0,6358.0
comparator,baseline,up_n_down,0,100000,97,16300.0,3996.0
comparator,baseline,up_n_down,0,100000,98,3790.0,731.0
comparator,baseline,up_n_down,0,100000,99,19620.0,4843.0
comparator,baseline,frostbite,0,10000,0,140.0,427.0
comparator,baseline,frostbite,0,10000,1,140.0,435.0
comparator,baseline,frostbite,0,10000,2,90.0,367.0
comparator,baseline,frostbite,0,10000,3,200.0,511.0
comparator,baseline,frostbite,0,10000,4,110.0,414.0
comparator,baseline,frostbite,0,10000,5,160.0,437.0
comparator,baseline,frostbite,0,10000,6,120.0,394.0
comparator,baseline,frostbite,0,10000,7,160.0,500.0
comparator,baseline,frostbite,0,10000,8,220.0,598.0
comparator,baseline,frostbite,0,10000,9,180.0,520.0
comparator,baseline,frostbite,0,20000,0,260.0,608.0
comparator,baseline,frostbite,0,20000,1,260.0,564.0
comparator,baseline,frostbite,0,20000,2,250.0,559.0
comparator,baseline,frostbite,0,20000,3,250.0,499.0
comparator,baseline,frostbite,0,20000,4,1000.0,927.0
comparator,baseline,frostbite,0,20000,5,200.0,445.0
comparator,baseline,frostbite,0,20000,6,230.0,471.0
comparator,baseline,frostbite,0,20000,7,220.0,488.0
comparator,baseline,frostbite,0,20000,8,230.0,477.0
comparator,baseline,frostbite,0,20000,9,200.0,439.0
comparator,baseline,frostbite,0,30000,0,240.0,458.0
comparator,baseline,frostbite,0,30000,1,230.0,511.0
comparator,baseline,frostbite,0,30000,2,230.0,504.0
comparator,baseline,frostbite,0,30000,3,800.0,632.0
comparator,baseline,frostbite,0,30000,4,220.0,534.0
comparator,baseline,frostbite,0,30000,5,210.0,492.0
comparator,baseline,frostbite,0,30000,6,160.0,382.0
comparator,baseline,frostbite,0,30000,7,220.0,501.0
comparator,baseline,frostbite,0,30000,8,230.0,476.0
comparator,baseline,frostbite,0,30000,9,190.0,405.0
comparator,baseline,frostbite,0,40000,0,250.0,682.0
comparator,baseline,frostbite,0,40000,1,240.0,505.0
comparator,baseline,frostbite,0,40000,2,250.0,560.0
comparator,baseline,frostbite,0,40000,3,240.0,491.0
comparator,baseline,frostbite,0,40000,4,210.0,430.0
comparator,baseline,frostbite,0,40000,5,240.0,453.0
comparator,baseline,frostbite,0,40000,6,260.0,521.0
comparator,baseline,frostbite,0,40000,7,910.0,764.0
comparator,baseline,frostbite,0,40000,8,250.0,576.0
comparator,baseline,frostbite,0,40000,9,260.0,611.0
comparator,baseline,frostbite,0,50000,0,210.0,434.0
comparator,baseline,frostbite,0,50000,1,260.0,600.0
comparator,baseline,frostbite,0,50000,2,240.0,505.0
comparator,baseline,frostbite,0,50000,3,1100.0,768.0
comparator,baseline,frostbite,0,50000,4,250.0,509.0
comparator,baseline,frostbite,0,50000,5,240.0,507.0
comparator,baseline,frostbite,0,50000,6,890.0,660.0
comparator,baseline,frostbite,0,50000,7,190.0,421.0
comparator,baseline,frostbite,0,50000,8,220.0,430.0
comparator,baseline,frostbite,0,50000,9,240.0,480.0
comparator,baseline,frostbite,0,60000,0,210.0,486.0
comparator,baseline,frostbite,0,60000,1,800.0,632.0
comparator,baseline,frostbite,0,60000,2,990.0,653.0
comparator,baseline,frostbite,0,60000,3,200.0,436.0
comparator,baseline,frostbite,0,60000,4,210.0,445.0
comparator,baseline,frostbite,0,60000,5,200.0,442.0
comparator,baseline,frostbite,0,60000,6,220.0,503.0
comparator,baseline,frostbite,0,60000,7,830.0,668.0
comparator,baseline,frostbite,0,60000,8,210.0,449.0
comparator,baseline,frostbite,0,60000,9,890.0,739.0
comparator,baseline,frostbite,0,70000,0,1090.0,645.0
comparator,baseline,frostbite,0,70000,1,1130.0,684.0
comparator,baseline,frostbite,0,70000,2,950.0,715.0
comparator,baseline,frostbite,0,70000,3,1050.0,628.0
comparator,baseline,frostbite,0,70000,4,200.0,467.0
comparator,baseline,frostbite,0,70000,5,840.0,652.0
comparator,baseline,frostbite,0,70000,6,870.0,608.0
comparator,baseline,frostbite,0,70000,7,1130.0,644.0
comparator,baseline,frostbite,0,70000,8,1110.0,655.0
comparator,baseline,frostbite,0,70000,9,1050.0,689.0
comparator,baseline,frostbite,0,80000,0,930.0,789.0
comparator,baseline,frostbite,0,80000,1,930.0,884.0
comparator,baseline,frostbite,0,80000,2,1020.0,759.0
comparator,baseline,frostbite,0,80000,3,1450.0,896.0
comparator,baseline,frostbite,0,80000,4,1010.0,821.0
comparator,baseline,frostbite,0,80000,5,910.0,861.0
comparator,baseline,frostbite,0,80000,6,1410.0,914.0
comparator,baseline,frostbite,0,80000,7,1440.0,1006.0
comparator,baseline,frostbite,0,80000,8,230.0,593.0
comparator,baseline,frostbite,0,80000,9,930.0,937.0
comparator,baseline,frostbite,0,90000,0,1370.0,666.0
comparator,baseline,frostbite,0,90000,1,150.0,609.0
comparator,baseline,frostbite,0,90000,2,1190.0,679.0
comparator,baseline,frostbite,0,90000,3,1170.0,718.0
comparator,baseline,frostbite,0,90000,4,1010.0,711.0
comparator,baseline,frostbite,0,90000,5,1010.0,777.0
comparator,baseline,frostbite,0,90000,6,1050.0,712.0
comparator,baseline,frostbite,0,90000,7,1220.0,733.0
comparator,baseline,frostbite,0,90000,8,1190.0,695.0
comparator,baseline,frostbite,0,90000,9,1170.0,651.0
comparator,baseline,frostbite,0,100000,0,1450.0,962.0
comparator,baseline,frostbite,0,100000,1,1220.0,728.0
comparator,baseline,frostbite,0,100000,2,1240.0,730.0
comparator,baseline,frostbite,0,100000,3,930.0,671.0
comparator,baseline,frostbite,0,100000,4,1180.0,710.0
comparator,baseline,frostbite,0,100000,5,1450.0,772.0
comparator,baseline,frostbite,0,100000,6,860.0,626.0
comparator,baseline,frostbite,0,100000,7,1270.0,913.0
comparator,baseline,frostbite,0,100000,8,970.0,699.0
comparator,baseline,frostbite,0,100000,9,1220.0,1004.0
comparator,baseline,frostbite,0,100000,10,1460.0,733.0
comparator,baseline,frostbite,0,100000,11,1440.0,841.0
comparator,baseline,frostbite,0,100000,12,1180.0,697.0
comparator,baseline,frostbite,0,100000,13,1180.0,699.0
comparator,baseline,frostbite,0,100000,14,1200.0,718.0
comparator,baseline,frostbite,0,100000,15,1240.0,695.0
comparator,baseline,frostbite,0,100000,16,1360.0,759.0
comparator,baseline,frostbite,0,100000,17,1190.0,780.0
comparator,baseline,frostbite,0,100000,18,1010.0,814.0
comparator,baseline,frostbite,0,100000,19,940.0,657.0
comparator,baseline,frostbite,0,100000,20,1010.0,653.0
comparator,baseline,frostbite,0,100000,21,1460.0,832.0
comparator,baseline,frostbite,0,100000,22,1180.0,742.0
comparator,baseline,frostbite,0,100000,23,1060.0,629.0
comparator,baseline,frostbite,0,100000,24,1450.0,727.0
comparator,baseline,frostbite,0,100000,25,1210.0,783.0
comparator,baseline,frostbite,0,100000,26,1440.0,730.0
comparator,baseline,frostbite,0,100000,27,1570.0,761.0
comparator,baseline,frostbite,0,100000,28,1110.0,673.0
comparator,baseline,frostbite,0,100000,29,1020.0,728.0
comparator,baseline,frostbite,0,100000,30,1440.0,853.0
comparator,baseline,frostbite,0,100000,31,1610.0,787.0
comparator,baseline,frostbite,0,100000,32,1210.0,680.0
comparator,baseline,frostbite,0,100000,33,1200.0,694.0
comparator,baseline,frostbite,0,100000,34,1230.0,786.0
comparator,baseline,frostbite,0,100000,35,1410.0,724.0
comparator,baseline,frostbite,0,100000,36,840.0,637.0
comparator,baseline,frostbite,0,100000,37,1460.0,688.0
comparator,baseline,frostbite,0,100000,38,1240.0,747.0
comparator,baseline,frostbite,0,100000,39,1220.0,746.0
comparator,baseline,frostbite,0,100000,40,1250.0,1323.0
comparator,baseline,frostbite,0,100000,41,1100.0,679.0
comparator,baseline,frostbite,0,100000,42,990.0,750.0
comparator,baseline,frostbite,0,100000,43,1020.0,745.0
comparator,baseline,frostbite,0,100000,44,850.0,623.0
comparator,baseline,frostbite,0,100000,45,1210.0,655.0
comparator,baseline,frostbite,0,100000,46,950.0,621.0
comparator,baseline,frostbite,0,100000,47,1010.0,707.0
comparator,baseline,frostbite,0,100000,48,1390.0,689.0
comparator,baseline,frostbite,0,100000,49,1230.0,684.0
comparator,baseline,frostbite,0,100000,50,1170.0,687.0
comparator,baseline,frostbite,0,100000,51,1250.0,780.0
comparator,baseline,frostbite,0,100000,52,1250.0,758.0
comparator,baseline,frostbite,0,100000,53,1230.0,768.0
comparator,baseline,frostbite,0,100000,54,1430.0,662.0
comparator,baseline,frostbite,0,100000,55,1200.0,661.0
comparator,baseline,frostbite,0,100000,56,1410.0,709.0
comparator,baseline,frostbite,0,100000,57,1240.0,753.0
comparator,baseline,frostbite,0,100000,58,960.0,690.0
comparator,baseline,frostbite,0,100000,59,1210.0,762.0
comparator,baseline,frostbite,0,100000,60,1170.0,753.0
comparator,baseline,frostbite,0,100000,61,1050.0,891.0
comparator,baseline,frostbite,0,100000,62,1000.0,656.0
comparator,baseline,frostbite,0,100000,63,1260.0,662.0
comparator,baseline,frostbite,0,100000,64,1000.0,738.0
comparator,baseline,frostbite,0,100000,65,1220.0,733.0
comparator,baseline,frostbite,0,100000,66,1230.0,715.0
comparator,baseline,frostbite,0,100000,67,1070.0,822.0
comparator,baseline,frostbite,0,100000,68,980.0,670.0
comparator,baseline,frostbite,0,100000,69,970.0,736.0
comparator,baseline,frostbite,0,100000,70,1030.0,661.0
comparator,baseline,frostbite,0,100000,71,1010.0,738.0
comparator,baseline,frostbite,0,100000,72,1410.0,727.0
comparator,baseline,frostbite,0,100000,73,1560.0,703.0
comparator,baseline,frostbite,0,100000,74,1210.0,840.0
comparator,baseline,frostbite,0,100000,75,1600.0,648.0
comparator,baseline,frostbite,0,100000,76,1220.0,723.0
comparator,baseline,frostbite,0,100000,77,1440.0,1294.0
comparator,baseline,frostbite,0,100000,78,1450.0,851.0
comparator,baseline,frostbite,0,100000,79,1180.0,750.0
comparator,baseline,frostbite,0,100000,80,1210.0,773.0
comparator,baseline,frostbite,0,100000,81,1240.0,813.0
comparator,baseline,frostbite,0,100000,82,1370.0,729.0
comparator,baseline,frostbite,0,100000,83,990.0,647.0
comparator,baseline,frostbite,0,100000,84,1220.0,729.0
comparator,baseline,frostbite,0,100000,85,960.0,721.0
comparator,baseline,frostbite,0,100000,86,1030.0,1013.0
comparator,baseline,frostbite,0,100000,87,1210.0,715.0
comparator,baseline,frostbite,0,100000,88,1020.0,707.0
comparator,baseline,frostbite,0,100000,89,1240.0,692.0
comparator,baseline,frostbite,0,100000,90,1250.0,734.0
comparator,baseline,frostbite,0,100000,91,1410.0,738.0
comparator,baseline,frostbite,0,100000,92,1150.0,703.0
comparator,baseline,frostbite,0,100000,93,970.0,706.0
comparator,baseline,frostbite,0,100000,94,870.0,654.0
comparator,baseline,frostbite,0,100000,95,890.0,722.0
comparator,baseline,frostbite,0,100000,96,950.0,723.0
comparator,baseline,frostbite,0,100000,97,1210.0,751.0
comparator,baseline,frostbite,0,100000,98,1200.0,680.0
comparator,baseline,frostbite,0,100000,99,1180.0,688.0
comparator,baseline,road_runner,0,10000,0,800.0,841.0
comparator,baseline,road_runner,0,10000,1,700.0,896.0
comparator,baseline,road_runner,0,10000,2,1000.0,953.0
comparator,baseline,road_runner,0,10000,3,700.0,855.0
comparator,baseline,road_runner,0,10000,4,1000.0,865.0
comparator,baseline,road_runner,0,10000,5,700.0,847.0
comparator,baseline,road_runner,0,10000,6,800.0,857.0
comparator,baseline,road_runner,0,10000,7,800.0,920.0
comparator,baseline,road_runner,0,10000,8,800.0,969.0
comparator,baseline,road_runner,0,10000,9,800.0,864.0
comparator,baseline,road_runner,0,20000,0,900.0,898.0
comparator,baseline,road_runner,0,20000,1,1000.0,901.0
comparator,baseline,road_runner,0,20000,2,1000.0,961.0
comparator,baseline,road_runner,0,20000,3,1000.0,983.0
comparator,baseline,road_runner,0,20000,4,1000.0,883.0
comparator,baseline,road_runner,0,20000,5,900.0,973.0
comparator,baseline,road_runner,0,20000,6,1000.0,968.0
comparator,baseline,road_runner,0,20000,7,900.0,910.0
comparator,baseline,road_runner,0,20000,8,900.0,883.0
comparator,baseline,road_runner,0,20000,9,800.0,915.0
comparator,baseline,road_runner,0,30000,0,900.0,918.0
comparator,baseline,road_runner,0,30000,1,1000.0,915.0
comparator,baseline,road_runner,0,30000,2,1000.0,915.0
comparator,baseline,road_runner,0,30000,3,1000.0,947.0
comparator,baseline,road_runner,0,30000,4,1000.0,859.0
comparator,baseline,road_runner,0,30000,5,900.0,843.0
comparator,baseline,road_runner,0,30000,6,1000.0,903.0
comparator,baseline,road_runner,0,30000,7,1000.0,871.0
comparator,baseline,road_runner,0,30000,8,1000.0,1017.0
comparator,baseline,road_runner,0,30000,9,900.0,904.0
comparator,baseline,road_runner,0,40000,0,1200.0,1017.0
comparator,baseline,road_runner,0,40000,1,900.0,958.0
comparator,baseline,road_runner,0,40000,2,1100.0,920.0
comparator,baseline,road_runner,0,40000,3,1200.0,939.0
comparator,baseline,road_runner,0,40000,4,900.0,889.0
comparator,baseline,road_runner,0,40000,5,900.0,655.0
comparator,baseline,road_runner,0,40000,6,1500.0,936.0
comparator,baseline,road_runner,0,40000,7,400.0,519.0
comparator,baseline,road_runner,0,40000,8,1200.0,887.0
comparator,baseline,road_runner,0,40000,9,1100.0,455.0
comparator,baseline,road_runner,0,50000,0,4400.0,1112.0
comparator,baseline,road_runner,0,50000,1,4200.0,1149.0
comparator,baseline,road_runner,0,50000,2,3400.0,947.0
comparator,baseline,road_runner,0,50000,3,3100.0,984.0
comparator,baseline,road_runner,0,50000,4,4300.0,913.0
comparator,baseline,road_runner,0,50000,5,5200.0,1050.0
comparator,baseline,road_runner,0,50000,6,1100.0,1075.0
comparator,baseline,road_runner,0,50000,7,6200.0,924.0
comparator,baseline,road_runner,0,50000,8,3300.0,994.0
comparator,baseline,road_runner,0,50000,9,4000.0,1003.0
comparator,baseline,road_runner,0,60000,0,13800.0,1299.0
comparator,baseline,road_runner,0,60000,1,8200.0,1205.0
comparator,baseline,road_runner,0,60000,2,4300.0,1170.0
comparator,baseline,road_runner,0,60000,3,8500.0,1330.0
comparator,baseline,road_runner,0,60000,4,5300.0,1113.0
comparator,baseline,road_runner,0,60000,5,11000.0,1257.0
comparator,baseline,road_runner,0,60000,6,8800.0,1256.0
comparator,baseline,road_runner,0,60000,7,9900.0,1180.0
comparator,baseline,road_runner,0,60000,8,9900.0,1248.0
comparator,baseline,road_runner,0,60000,9,7000.0,1257.0
comparator,baseline,road_runner,0,70000,0,7900.0,1142.0
comparator,baseline,road_runner,0,70000,1,13500.0,1274.0
comparator,baseline,road_runner,0,70000,2,5900.0,1072.0
comparator,baseline,road_runner,0,70000,3,6600.0,1283.0
comparator,baseline,road_runner,0,70000,4,10800.0,1188.0
comparator,baseline,road_runner,0,70000,5,8800.0,1113.0
comparator,baseline,road_runner,0,70000,6,9100.0,1214.0
comparator,baseline,road_runner,0,70000,7,15200.0,1135.0
comparator,baseline,road_runner,0,70000,8,8700.0,1143.0
comparator,baseline,road_runner,0,70000,9,7700.0,1114.0
comparator,baseline,road_runner,0,80000,0,8000.0,1005.0
comparator,baseline,road_runner,0,80000,1,11900.0,1122.0
comparator,baseline,road_runner,0,80000,2,4800.0,974.0
comparator,baseline,road_runner,0,80000,3,12100.0,1116.0
comparator,baseline,road_runner,0,80000,4,7100.0,1059.0
comparator,baseline,road_runner,0,80000,5,10200.0,1207.0
comparator,baseline,road_runner,0,80000,6,7300.0,1108.0
comparator,baseline,road_runner,0,80000,7,9000.0,1065.0
comparator,baseline,road_runner,0,80000,8,6000.0,988.0
comparator,baseline,road_runner,0,80000,9,12400.0,1149.0
comparator,baseline,road_runner,0,90000,0,12200.0,1315.0
comparator,baseline,road_runner,0,90000,1,12000.0,1231.0
comparator,baseline,road_runner,0,90000,2,10100.0,1165.0
comparator,baseline,road_runner,0,90000,3,8200.0,1160.0
comparator,baseline,road_runner,0,90000,4,7900.0,1043.0
comparator,baseline,road_runner,0,90000,5,8100.0,1204.0
comparator,baseline,road_runner,0,90000,6,12900.0,1216.0
comparator,baseline,road_runner,0,90000,7,9800.0,1103.0
comparator,baseline,road_runner,0,90000,8,8100.0,1124.0
comparator,baseline,road_runner,0,90000,9,6900.0,1219.0
comparator,baseline,road_runner,0,100000,0,4500.0,1266.0
comparator,baseline,road_runner,0,100000,1,9900.0,1335.0
comparator,baseline,road_runner,0,100000,2,9200.0,1396.0
comparator,baseline,road_runner,0,100000,3,14700.0,1446.0
comparator,baseline,road_runner,0,100000,4,10800.0,1265.0
comparator,baseline,road_runner,0,100000,5,11000.0,1399.0
comparator,baseline,road_runner,0,100000,6,7300.0,1287.0
comparator,baseline,road_runner,0,100000,7,10500.0,1365.0
comparator,baseline,road_runner,0,100000,8,11200.0,1480.0
comparator,baseline,road_runner,0,100000,9,13400.0,1357.0
comparator,baseline,road_runner,0,100000,10,9700.0,1407.0
comparator,baseline,road_runner,0,100000,11,8900.0,1368.0
comparator,baseline,road_runner,0,100000,12,8100.0,1345.0
comparator,baseline,road_runner,0,100000,13,8900.0,1436.0
comparator,baseline,road_runner,0,100000,14,8700.0,1413.0
comparator,baseline,road_runner,0,100000,15,9500.0,1469.0
comparator,baseline,road_runner,0,100000,16,6700.0,1364.0
comparator,baseline,road_runner,0,100000,17,11700.0,1302.0
comparator,baseline,road_runner,0,100000,18,10900.0,1374.0
comparator,baseline,road_runner,0,100000,19,10700.0,1377.0
comparator,baseline,road_runner,0,100000,20,8800.0,1302.0
comparator,baseline,road_runner,0,100000,21,9400.0,1429.0
comparator,baseline,road_runner,0,100000,22,11100.0,1456.0
comparator,baseline,road_runner,0,100000,23,5000.0,1375.0
comparator,baseline,road_runner,0,100000,24,9900.0,1367.0
comparator,baseline,road_runner,0,100000,25,8800.0,1428.0
comparator,baseline,road_runner,0,100000,26,8600.0,1393.0
comparator,baseline,road_runner,0,100000,27,5500.0,1351.0
comparator,baseline,road_runner,0,100000,28,8300.0,1443.0
comparator,baseline,road_runner,0,100000,29,11200.0,1424.0
comparator,baseline,road_runner,0,100000,30,11300.0,1404.0
comparator,baseline,road_runner,0,100000,31,9900.0,1609.0
comparator,baseline,road_runner,0,100000,32,7000.0,1336.0
comparator,baseline,road_runner,0,100000,33,10300.0,1335.0
comparator,baseline,road_runner,0,100000,34,12000.0,1520.0
comparator,baseline,road_runner,0,100000,35,8600.0,1308.0
comparator,baseline,road_runner,0,100000,36,7100.0,1447.0
comparator,baseline,road_runner,0,100000,37,11100.0,1462.0
comparator,baseline,road_runner,0,100000,38,8200.0,1324.0
comparator,baseline,road_runner,0,100000,39,7700.0,1282.0
comparator,baseline,road_runner,0,100000,40,8900.0,1383.0
comparator,baseline,road_runner,0,100000,41,10000.0,1342.0
comparator,baseline,road_runner,0,100000,42,9800.0,1387.0
comparator,baseline,road_runner,0,100000,43,10000.0,1420.0
comparator,baseline,road_runner,0,100000,44,8900.0,1258.0
comparator,baseline,road_runner,0,100000,45,4600.0,1211.0
comparator,baseline,road_runner,0,100000,46,7700.0,1443.0
comparator,baseline,road_runner,0,100000,47,8600.0,1335.0
comparator,baseline,road_runner,0,100000,48,11100.0,1554.0
comparator,baseline,road_runner,0,100000,49,9000.0,1399.0
comparator,baseline,road_runner,0,100000,50,11700.0,1379.0
comparator,baseline,road_runner,0,100000,51,8900.0,1419.0
comparator,baseline,road_runner,0,100000,52,7000.0,1458.0
comparator,baseline,road_runner,0,100000,53,8100.0,1369.0
comparator,baseline,road_runner,0,100000,54,7600.0,1325.0
comparator,baseline,road_runner,0,100000,55,8800.0,1593.0
comparator,baseline,road_runner,0,100000,56,8200.0,1271.0
comparator,baseline,road_runner,0,100000,57,12300.0,1428.0
comparator,baseline,road_runner,0,100000,58,15400.0,1400.0
comparator,baseline,road_runner,0,100000,59,11600.0,1349.0
comparator,baseline,road_runner,0,100000,60,11900.0,1361.0
comparator,baseline,road_runner,0,100000,61,10200.0,1326.0
comparator,baseline,road_runner,0,100000,62,9500.0,1298.0
comparator,baseline,road_runner,0,100000,63,6200.0,1372.0
comparator,baseline,road_runner,0,100000,64,11300.0,1328.0
comparator,baseline,road_runner,0,100000,65,12100.0,1480.0
comparator,baseline,road_runner,0,100000,66,10300.0,1299.0
comparator,baseline,road_runner,0,100000,67,4600.0,1289.0
comparator,baseline,road_runner,0,100000,68,9600.0,1359.0
comparator,baseline,road_runner,0,100000,69,9000.0,1379.0
comparator,baseline,road_runner,0,100000,70,8600.0,1349.0
comparator,baseline,road_runner,0,100000,71,12700.0,1410.0
comparator,baseline,road_runner,0,100000,72,9800.0,1424.0
comparator,baseline,road_runner,0,100000,73,8700.0,1380.0
comparator,baseline,road_runner,0,100000,74,8400.0,1325.0
comparator,baseline,road_runner,0,100000,75,4700.0,1410.0
comparator,baseline,road_runner,0,100000,76,5500.0,1302.0
comparator,baseline,road_runner,0,100000,77,11300.0,1574.0
comparator,baseline,road_runner,0,100000,78,9000.0,1424.0
comparator,baseline,road_runner,0,100000,79,9800.0,1370.0
comparator,baseline,road_runner,0,100000,80,9900.0,1354.0
comparator,baseline,road_runner,0,100000,81,6900.0,1388.0
comparator,baseline,road_runner,0,100000,82,10800.0,1324.0
comparator,baseline,road_runner,0,100000,83,8400.0,1231.0
comparator,baseline,road_runner,0,100000,84,6600.0,1328.0
comparator,baseline,road_runner,0,100000,85,5500.0,1322.0
comparator,baseline,road_runner,0,100000,86,8800.0,1261.0
comparator,baseline,road_runner,0,100000,87,8600.0,1330.0
comparator,baseline,road_runner,0,100000,88,8600.0,1310.0
comparator,baseline,road_runner,0,100000,89,6500.0,1487.0
comparator,baseline,road_runner,0,100000,90,8700.0,1471.0
comparator,baseline,road_runner,0,100000,91,9600.0,1547.0
comparator,baseline,road_runner,0,100000,92,6900.0,1368.0
comparator,baseline,road_runner,0,100000,93,13000.0,1471.0
comparator,baseline,road_runner,0,100000,94,7800.0,1355.0
comparator,baseline,road_runner,0,100000,95,9800.0,1348.0
comparator,baseline,road_runner,0,100000,96,10600.0,1369.0
comparator,baseline,road_runner,0,100000,97,9900.0,1430.0
comparator,baseline,road_runner,0,100000,98,9100.0,1397.0
comparator,baseline,road_runner,0,100000,99,7900.0,1313.0
