file,sha256
README.md,7172a8af8681ebeff6c46280ad5689eeff7dbe0569c2e6d8ded839b0ce6fc08d
ablation_run_tracker_filled.xlsx,205ebec9f08358048280c9200038700efa34ba4468c2139ffb62f642ed6d5072
completed_runs.csv,c89208b05dc1b52bd9e92dcf9fb94c800c89b8b7facc29947fb72154c7bbbcd4
filled_run_tracker.csv,28320ca31bbac9a5596e8c7a984ec694dff8889180f130154ce6555da2bf5616
render_workbook.py,c316951279da12495f2d172d5798193aff7af41f431a6b106a29ba8bbde244c7
run_details.csv,2d3920384d5c368eb52f7be8fcb8da59ca88cfc7d349c9ab63bfe07348ae7478
template_audit.csv,7b8be9823991a59e3587e8a9bee9368a2d33d7251bb0ed51ecbd63135bd2fe73
template_original.csv,4af1f766c169bfefada285cbee4a488debf9d83ba2695d061851c65628f9eb5e
validation.json,50a57c3dce3262d129adddbc814efcf0f90293cf937acbd81b0c809b938559cc
