run_id,sweep_arm,spreadsheet_arm,game,seed,size,warmup_actions,aux_stop_actions,agent_actions,final_eval_episodes,episode_sd,random_reference,human_reference,train_hours,eval_hours,invocation_start_unix,invocation_end_unix,timezone,checkpoint_hash,source_run,artifact_url
run_043,baseline,baseline,boxing,0,size12m,0,0,100000,100,11.74497958510552,0.1,12.1,0.6328172722789976,0.2601674489842521,1789721341.1522098,1789724555.9810922,Asia/Jakarta,07680cb444a3fe0d634a1ea735d39eef0d89eb585aa2412c04b154fb34fb3c2b,production_runs/original_ablation_20260918/runs/baseline/boxing/seed_0,https://github.com/MrHeatcliff/New_HTP/tree/main/paper_artifacts/original_corewm_ablations/baseline
run_044,baseline,baseline,up_n_down,0,size12m,0,0,100000,100,10931.156146861626,533.4,11693.2,0.6334086257881588,0.5523085905445947,1789721341.15252,1789725618.990761,Asia/Jakarta,34e14251492e0eb4f6fd2c5037f48ab6c6aa07ea9db1589a6f0cd2f97c500b52,production_runs/original_ablation_20260918/runs/baseline/up_n_down/seed_0,https://github.com/MrHeatcliff/New_HTP/tree/main/paper_artifacts/original_corewm_ablations/baseline
run_045,baseline,baseline,frostbite,0,size12m,0,0,100000,100,183.6840722105169,65.2,4334.7,0.6233712059921689,0.09546245541837481,1789722991.7797892,1789725589.0848403,Asia/Jakarta,2943a239de9540e85369daecbfe8e9a1dcedd4b66ab67f3a16faefc220b3ddaf,production_runs/original_ablation_20260918/runs/baseline/frostbite/seed_0,https://github.com/MrHeatcliff/New_HTP/tree/main/paper_artifacts/original_corewm_ablations/baseline
run_046,baseline,baseline,road_runner,0,size12m,0,0,100000,100,2120.845076469245,11.5,7845.0,0.6254970881011751,0.16473035739527808,1789722991.7794266,1789725845.5152252,Asia/Jakarta,5ae6b5e4427ed5feeafb389db7f6f3aeb118bad2dd2e9c5d371b6935c1a9b38e,production_runs/original_ablation_20260918/runs/baseline/road_runner/seed_0,https://github.com/MrHeatcliff/New_HTP/tree/main/paper_artifacts/original_corewm_ablations/baseline
run_047,full,htp_full,boxing,0,size12m,0,0,100000,100,11.31386920393003,0.1,12.1,0.41462441444396975,0.12796334326267242,1789721037.492241,1789722990.9331727,Asia/Jakarta,406bc0f1620c4167684e8d73035f518c0ec6fe98a71119d9f345112edd6e6695,production_runs/original_ablation_20260918/runs/full/boxing/seed_0,https://github.com/MrHeatcliff/New_HTP/tree/main/paper_artifacts/original_corewm_ablations/full
run_048,full,htp_full,up_n_down,0,size12m,0,0,100000,100,18450.832643607828,533.4,11693.2,0.4116047003534105,0.6491582253906462,1789722991.787938,1789726824.1789489,Asia/Jakarta,615b55dd87044f42623b09ad2e07c2ee04c2e0b89f0b43dcd8c26b6b3fe12173,production_runs/original_ablation_20260918/runs/full/up_n_down/seed_0,https://github.com/MrHeatcliff/New_HTP/tree/main/paper_artifacts/original_corewm_ablations/full
run_049,full,htp_full,frostbite,0,size12m,0,0,100000,100,366.57677961586074,65.2,4334.7,0.7096325251791212,0.32696262412601046,1789721360.1764357,1789725106.760953,Asia/Jakarta,bc5afcedc6c7f55b0e7c26737978459866be3ecd9d5b94b0f68bd3b2f1ba9c78,production_runs/original_ablation_20260918/runs/full/frostbite/seed_0,https://github.com/MrHeatcliff/New_HTP/tree/main/paper_artifacts/original_corewm_ablations/full
run_050,full,htp_full,road_runner,0,size12m,0,0,100000,100,1061.260447474482,11.5,7845.0,0.7264728102419111,0.14135949015617372,1789721360.1766884,1789724499.3776093,Asia/Jakarta,0ddac44da52a39f5fb09d4888997db3c05cd5f9631f36bf483b92c5d8cc93130,production_runs/original_ablation_20260918/runs/full/road_runner/seed_0,https://github.com/MrHeatcliff/New_HTP/tree/main/paper_artifacts/original_corewm_ablations/full
run_051,flat,htp_empty_projection,boxing,0,size12m,0,0,100000,100,9.39122199210787,0.1,12.1,0.730733368727896,0.20854162666532727,1789721360.184329,1789724759.1499946,Asia/Jakarta,2aad931929245de4ca74ff4b9a11b9d61408f63985c1fc343025a0ccacc4cb73,production_runs/original_ablation_20260918/runs/flat/boxing/seed_0,https://github.com/MrHeatcliff/New_HTP/tree/main/paper_artifacts/original_corewm_ablations/flat
run_052,flat,htp_empty_projection,up_n_down,0,size12m,0,0,100000,100,1233.314643593033,533.4,11693.2,0.7313205731577344,0.13067763480875227,1789721360.1848428,1789724478.4304197,Asia/Jakarta,047c6fa2d995c7d1c758169837c09183be736b2bcbac9eb6198c6e906b0851f3,production_runs/original_ablation_20260918/runs/flat/up_n_down/seed_0,https://github.com/MrHeatcliff/New_HTP/tree/main/paper_artifacts/original_corewm_ablations/flat
run_053,flat,htp_empty_projection,frostbite,0,size12m,0,0,100000,100,800.3576157764185,65.2,4334.7,0.7489219668838712,0.1706631542576684,1789721370.188826,1789724697.7373848,Asia/Jakarta,1ced0bcc69ca5270e79f3cd8bff4d281b67cc9302425a2c459d4a91258ea1c76,production_runs/original_ablation_20260918/runs/flat/frostbite/seed_0,https://github.com/MrHeatcliff/New_HTP/tree/main/paper_artifacts/original_corewm_ablations/flat
run_054,flat,htp_empty_projection,road_runner,0,size12m,0,0,100000,100,1781.4813379813322,11.5,7845.0,0.7495139654477437,0.14726526512040033,1789721370.1892612,1789724615.4644897,Asia/Jakarta,f245fad2652500c4a7b88fe215b1ca1cfadb85681131c93962b6841b39d6409c,production_runs/original_ablation_20260918/runs/flat/road_runner/seed_0,https://github.com/MrHeatcliff/New_HTP/tree/main/paper_artifacts/original_corewm_ablations/flat
run_055,rec_only,htp_recon_only,boxing,0,size12m,0,0,100000,100,14.938608375682797,0.1,12.1,0.7155625660551919,0.23622122016217972,1789721370.1973047,1789724818.4682872,Asia/Jakarta,c72fc71edf5a2767276044e5d9726276227bfc4dfd884e75c50cf05da35a1ff4,production_runs/original_ablation_20260918/runs/rec_only/boxing/seed_0,https://github.com/MrHeatcliff/New_HTP/tree/main/paper_artifacts/original_corewm_ablations/rec_only
run_056,rec_only,htp_recon_only,up_n_down,0,size12m,0,0,100000,100,12090.188480120914,533.4,11693.2,0.728629694779714,0.8463308954238892,1789721370.1976895,1789727057.7834005,Asia/Jakarta,d4558d47091e4a0e667bfd753e5a25eda27ba070b641643c2f5861e519fbdf7c,production_runs/original_ablation_20260918/runs/rec_only/up_n_down/seed_0,https://github.com/MrHeatcliff/New_HTP/tree/main/paper_artifacts/original_corewm_ablations/rec_only
run_057,rec_only,htp_recon_only,frostbite,0,size12m,0,0,100000,100,648.0159618934451,65.2,4334.7,0.747678876651658,0.10860924462477366,1789721370.2048721,1789724470.0268428,Asia/Jakarta,8ef29cedee3bc7c39c9bd75092eea0c4f737238aadddd42a514a37de77e2183c,production_runs/original_ablation_20260918/runs/rec_only/frostbite/seed_0,https://github.com/MrHeatcliff/New_HTP/tree/main/paper_artifacts/original_corewm_ablations/rec_only
run_058,rec_only,htp_recon_only,road_runner,0,size12m,0,0,100000,100,770.7395110797123,11.5,7845.0,0.7473100720511543,0.1432910254928801,1789721370.2046587,1789724593.6359427,Asia/Jakarta,a8c3bd197ee67eb7f189a686d5c9145581d44bcd2dce82e556d458b0dab17eb9,production_runs/original_ablation_20260918/runs/rec_only/road_runner/seed_0,https://github.com/MrHeatcliff/New_HTP/tree/main/paper_artifacts/original_corewm_ablations/rec_only
run_059,pdyn_only,htp_pdyn_only,boxing,0,size12m,0,0,100000,100,11.510465154840967,0.1,12.1,0.7235567020045386,0.2393807860215505,1789721370.2113461,1789724858.3117812,Asia/Jakarta,16cdf4a32f03b4c0edb50e3643ead8ada5c21e7df92150abac629bf87a40d92b,production_runs/original_ablation_20260918/runs/pdyn_only/boxing/seed_0,https://github.com/MrHeatcliff/New_HTP/tree/main/paper_artifacts/original_corewm_ablations/pdyn_only
run_060,pdyn_only,htp_pdyn_only,up_n_down,0,size12m,0,0,100000,100,1525.5033910023262,533.4,11693.2,0.728337299492624,0.4881023137436973,1789721370.2111356,1789725767.234419,Asia/Jakarta,65a2b1ea160700ddcdd190bddbee7a60accf636cf973a8ad39faabd352ab2b19,production_runs/original_ablation_20260918/runs/pdyn_only/up_n_down/seed_0,https://github.com/MrHeatcliff/New_HTP/tree/main/paper_artifacts/original_corewm_ablations/pdyn_only
run_061,pdyn_only,htp_pdyn_only,frostbite,0,size12m,0,0,100000,100,13.725667174820297,65.2,4334.7,0.7421527123451233,0.08815961076153649,1789721379.1894927,1789724385.7874324,Asia/Jakarta,5f0dc442de97d7ee1640dc14508a0a87592bfd384f31b6b844e0fa421065bae5,production_runs/original_ablation_20260918/runs/pdyn_only/frostbite/seed_0,https://github.com/MrHeatcliff/New_HTP/tree/main/paper_artifacts/original_corewm_ablations/pdyn_only
run_062,pdyn_only,htp_pdyn_only,road_runner,0,size12m,0,0,100000,100,1854.1310687764283,11.5,7845.0,0.7425084598859151,0.13744797931777106,1789721379.1901255,1789724564.2861648,Asia/Jakarta,128f32991b20217605cce113e4199e2e8f56cf9043abaa7053bb9a9e4092871f,production_runs/original_ablation_20260918/runs/pdyn_only/road_runner/seed_0,https://github.com/MrHeatcliff/New_HTP/tree/main/paper_artifacts/original_corewm_ablations/pdyn_only
run_063,flat_pruned,flat_pruned,boxing,0,size12m,0,0,100000,100,7.256310385040073,0.1,12.1,0.679395620557997,0.1866626884539922,1789721379.198236,1789724514.630256,Asia/Jakarta,46b5bf25d3d152e81a53dbec3adbd279e8680fe560e96aaca2ffa3291622c904,production_runs/original_ablation_20260918/runs/flat_pruned/boxing/seed_0,https://github.com/MrHeatcliff/New_HTP/tree/main/paper_artifacts/original_corewm_ablations/flat_pruned
run_064,flat_pruned,flat_pruned,up_n_down,0,size12m,0,0,100000,100,3009.3399037937966,533.4,11693.2,0.6897334336572223,0.21165717078579796,1789721379.197932,1789724638.0294333,Asia/Jakarta,87a7ef751a699bb5907afd64a56bb6991ddd33f45baa5d08226c1ec042b6b689,production_runs/original_ablation_20260918/runs/flat_pruned/up_n_down/seed_0,https://github.com/MrHeatcliff/New_HTP/tree/main/paper_artifacts/original_corewm_ablations/flat_pruned
run_065,flat_pruned,flat_pruned,frostbite,0,size12m,0,0,100000,100,841.4771223715755,65.2,4334.7,0.6940279574526681,0.10299219826857249,1789721379.2069752,1789724262.175353,Asia/Jakarta,b22f47546c4f92b8ed33cc111a8129e7d59fc1e3a64faf83ec5e906c506b88b3,production_runs/original_ablation_20260918/runs/flat_pruned/frostbite/seed_0,https://github.com/MrHeatcliff/New_HTP/tree/main/paper_artifacts/original_corewm_ablations/flat_pruned
run_066,flat_pruned,flat_pruned,road_runner,0,size12m,0,0,100000,100,1524.7069597569603,11.5,7845.0,0.6929864774809943,0.13539184702767265,1789721379.2071464,1789724374.770744,Asia/Jakarta,50af3d1542326cc6544909391d67fb75f0b33c3a004b03e6de86d92d7e6b37c4,production_runs/original_ablation_20260918/runs/flat_pruned/road_runner/seed_0,https://github.com/MrHeatcliff/New_HTP/tree/main/paper_artifacts/original_corewm_ablations/flat_pruned
run_067,rec_pruned,rec_pruned,boxing,0,size12m,0,0,100000,100,9.750192953283674,0.1,12.1,0.6912985506984922,0.22856154415342542,1789721379.2144701,1789724709.383334,Asia/Jakarta,c2384d9d3d56984fe993677f96c2e27b538350abd4a178a53b768e762a11c261,production_runs/original_ablation_20260918/runs/rec_pruned/boxing/seed_0,https://github.com/MrHeatcliff/New_HTP/tree/main/paper_artifacts/original_corewm_ablations/rec_pruned
run_068,rec_pruned,rec_pruned,up_n_down,0,size12m,0,0,100000,100,7647.321191374167,533.4,11693.2,0.7012528821494844,0.5143265028132332,1789721379.2147717,1789725770.6556726,Asia/Jakarta,999984c19039e606081f5868c9e282ee08edbd6d585af5dad23bcdec8d723315,production_runs/original_ablation_20260918/runs/rec_pruned/up_n_down/seed_0,https://github.com/MrHeatcliff/New_HTP/tree/main/paper_artifacts/original_corewm_ablations/rec_pruned
run_069,rec_pruned,rec_pruned,frostbite,0,size12m,0,0,100000,100,217.17774222321154,65.2,4334.7,0.6881718581914902,0.13705548379156324,1789721387.211259,1789724372.602149,Asia/Jakarta,fa548f8ee6726fadbf68669209afd354e0570c62018cd56434d6cb7575afcd25,production_runs/original_ablation_20260918/runs/rec_pruned/frostbite/seed_0,https://github.com/MrHeatcliff/New_HTP/tree/main/paper_artifacts/original_corewm_ablations/rec_pruned
run_070,rec_pruned,rec_pruned,road_runner,0,size12m,0,0,100000,100,1293.1849336917255,11.5,7845.0,0.6909809217850367,0.13841978735393948,1789721387.2114007,1789724386.9086359,Asia/Jakarta,6a3474026b40c93b582e91c2a812e9e019ed48b29ea2544d169c87715497f2dd,production_runs/original_ablation_20260918/runs/rec_pruned/road_runner/seed_0,https://github.com/MrHeatcliff/New_HTP/tree/main/paper_artifacts/original_corewm_ablations/rec_pruned
run_071,pdyn_pruned,pdyn_pruned,boxing,0,size12m,0,0,100000,100,14.940538710826225,0.1,12.1,0.6895907725228204,0.23298216468758054,1789721387.2189984,1789724727.4009693,Asia/Jakarta,85da1f490c4df0df5a32d9d82dcf545a61e41bc2f5c2f543bd48625f8d57d3bf,production_runs/original_ablation_20260918/runs/pdyn_pruned/boxing/seed_0,https://github.com/MrHeatcliff/New_HTP/tree/main/paper_artifacts/original_corewm_ablations/pdyn_pruned
run_072,pdyn_pruned,pdyn_pruned,up_n_down,0,size12m,0,0,100000,100,6707.983511300456,533.4,11693.2,0.6965879645612505,0.5232943157354991,1789721387.2192922,1789725794.9111145,Asia/Jakarta,0c9e2f03d3fafff70c5ce09107c36b44bd0cc9f034a5a4b10b7c7ac64e7f9c52,production_runs/original_ablation_20260918/runs/pdyn_pruned/up_n_down/seed_0,https://github.com/MrHeatcliff/New_HTP/tree/main/paper_artifacts/original_corewm_ablations/pdyn_pruned
run_073,pdyn_pruned,pdyn_pruned,frostbite,0,size12m,0,0,100000,100,459.31581749600156,65.2,4334.7,0.700961724585957,0.13963704036341773,1789721387.2261028,1789724429.7104673,Asia/Jakarta,3de677471cf5db9dbf5d475d44a57789a7429d204241a1503847530fc9fd07e9,production_runs/original_ablation_20260918/runs/pdyn_pruned/frostbite/seed_0,https://github.com/MrHeatcliff/New_HTP/tree/main/paper_artifacts/original_corewm_ablations/pdyn_pruned
run_074,pdyn_pruned,pdyn_pruned,road_runner,0,size12m,0,0,100000,100,2935.8811249432392,11.5,7845.0,0.7005283088816536,0.1528592358695136,1789721387.2264755,1789724475.1470916,Asia/Jakarta,73010fce7d5882682c46b5096863ed6dc4fe4ed2a9cf22f4375563406bf36267,production_runs/original_ablation_20260918/runs/pdyn_pruned/road_runner/seed_0,https://github.com/MrHeatcliff/New_HTP/tree/main/paper_artifacts/original_corewm_ablations/pdyn_pruned
run_075,joint_full,htp_joint,boxing,0,size12m,0,0,100000,100,12.22381761855588,0.1,12.1,0.7364220529132419,0.1337757345702913,1789721387.2342863,1789724540.4937663,Asia/Jakarta,82cd286e0d9b0d18500f71665640899049a7ea2cfb271ece7e6df509d58e6fe6,production_runs/original_ablation_20260918/runs/joint_full/boxing/seed_0,https://github.com/MrHeatcliff/New_HTP/tree/main/paper_artifacts/original_corewm_ablations/joint_full
run_076,joint_full,htp_joint,up_n_down,0,size12m,0,0,100000,100,1828.3999849733386,533.4,11693.2,0.7375868436363008,0.34838806218571133,1789721387.2346988,1789725314.662207,Asia/Jakarta,5f7a4d1829664ff0438618a5e5b01eaa309a2f37083251934351d12ad38ad500,production_runs/original_ablation_20260918/runs/joint_full/up_n_down/seed_0,https://github.com/MrHeatcliff/New_HTP/tree/main/paper_artifacts/original_corewm_ablations/joint_full
run_077,joint_full,htp_joint,frostbite,0,size12m,0,0,100000,100,573.4164492255383,65.2,4334.7,0.7381930569807689,0.10120073477427165,1789724374.9123847,1789727487.0343926,Asia/Jakarta,74e31e3ea346874bee06d3f1b3a75b54ba637634e56fb7df7e26e1ee7684465e,production_runs/original_ablation_20260918/runs/joint_full/frostbite/seed_0,https://github.com/MrHeatcliff/New_HTP/tree/main/paper_artifacts/original_corewm_ablations/joint_full
run_078,joint_full,htp_joint,road_runner,0,size12m,0,0,100000,100,1620.0994482506999,11.5,7845.0,0.7368462365203433,0.1319409622086419,1789724374.9127564,1789727593.0648344,Asia/Jakarta,807fd938264ca4dc115bd8eb70094fa602e79676f9363e162458af6aa1ad98d2,production_runs/original_ablation_20260918/runs/joint_full/road_runner/seed_0,https://github.com/MrHeatcliff/New_HTP/tree/main/paper_artifacts/original_corewm_ablations/joint_full
run_079,joint_flat,joint_flat,boxing,0,size12m,0,0,100000,100,8.543241170479135,0.1,12.1,0.7218069340785345,0.21757108926773072,1789724387.0133193,1789727859.523117,Asia/Jakarta,400e5ebd16d717e96eb8fdf3bd1651417c87a2fcaa09b28e9dafef1495606b43,production_runs/original_ablation_20260918/runs/joint_flat/boxing/seed_0,https://github.com/MrHeatcliff/New_HTP/tree/main/paper_artifacts/original_corewm_ablations/joint_flat
run_080,joint_flat,joint_flat,up_n_down,0,size12m,0,0,100000,100,1233.314643593033,533.4,11693.2,0.725474136074384,0.15254398087660473,1789724387.013624,1789727631.9558082,Asia/Jakarta,047c6fa2d995c7d1c758169837c09183be736b2bcbac9eb6198c6e906b0851f3,production_runs/original_ablation_20260918/runs/joint_flat/up_n_down/seed_0,https://github.com/MrHeatcliff/New_HTP/tree/main/paper_artifacts/original_corewm_ablations/joint_flat
run_081,joint_flat,joint_flat,frostbite,0,size12m,0,0,100000,100,800.3576157764185,65.2,4334.7,0.7210740266243617,0.17066658543215857,1789724475.253854,1789727772.9503095,Asia/Jakarta,1ced0bcc69ca5270e79f3cd8bff4d281b67cc9302425a2c459d4a91258ea1c76,production_runs/original_ablation_20260918/runs/joint_flat/frostbite/seed_0,https://github.com/MrHeatcliff/New_HTP/tree/main/paper_artifacts/original_corewm_ablations/joint_flat
run_082,joint_flat,joint_flat,road_runner,0,size12m,0,0,100000,100,4326.052624868463,11.5,7845.0,0.7243883162736893,0.15968776126702627,1789724475.2541153,1789727743.5024195,Asia/Jakarta,e2af22787abf2959f3bd795282f6186b65c631c317f0583c13556a6f97db9568,production_runs/original_ablation_20260918/runs/joint_flat/road_runner/seed_0,https://github.com/MrHeatcliff/New_HTP/tree/main/paper_artifacts/original_corewm_ablations/joint_flat
run_083,joint_rec_only,joint_rec_only,boxing,0,size12m,0,0,100000,100,6.714344662171003,0.1,12.1,0.7248564185698827,0.20315723697344462,1789724564.4203799,1789727998.0162635,Asia/Jakarta,c5564f9e5d9249bbc1e39d80e5a1d48d5540ab1efa21d7d490698f5acf4c195d,production_runs/original_ablation_20260918/runs/joint_rec_only/boxing/seed_0,https://github.com/MrHeatcliff/New_HTP/tree/main/paper_artifacts/original_corewm_ablations/joint_rec_only
run_084,joint_rec_only,joint_rec_only,up_n_down,0,size12m,0,0,100000,100,25233.02393549558,533.4,11693.2,0.7255611921019024,1.3540063512325287,1789724564.4207418,1789732140.6107285,Asia/Jakarta,b42f58d6cc887c9d266ed558edb21cac3cb0d21b9eb182518ea87a29a55803ee,production_runs/original_ablation_20260918/runs/joint_rec_only/up_n_down/seed_0,https://github.com/MrHeatcliff/New_HTP/tree/main/paper_artifacts/original_corewm_ablations/joint_rec_only
run_085,joint_rec_only,joint_rec_only,frostbite,0,size12m,0,0,100000,100,1087.6839633093816,65.2,4334.7,0.7303553960720698,0.12766451921727923,1789724593.7880673,1789727772.688329,Asia/Jakarta,85fdc9272617d690a1a296c85ab9fcb1e96ab9f92ffdd928550bdf06b43b0f41,production_runs/original_ablation_20260918/runs/joint_rec_only/frostbite/seed_0,https://github.com/MrHeatcliff/New_HTP/tree/main/paper_artifacts/original_corewm_ablations/joint_rec_only
run_086,joint_rec_only,joint_rec_only,road_runner,0,size12m,0,0,100000,100,1053.6727493041958,11.5,7845.0,0.7299398881196976,0.15640277067820232,1789724593.7878976,1789727865.9828966,Asia/Jakarta,3a5d16cc4a4c4a14a324186c34b2dd449f7856936d88dc552366e8740575d594,production_runs/original_ablation_20260918/runs/joint_rec_only/road_runner/seed_0,https://github.com/MrHeatcliff/New_HTP/tree/main/paper_artifacts/original_corewm_ablations/joint_rec_only
run_087,joint_pdyn_only,joint_pdyn_only,boxing,0,size12m,0,0,100000,100,10.734236739695952,0.1,12.1,0.7190192881557677,0.12843623201052348,1789724638.1817055,1789727778.7945247,Asia/Jakarta,19a7fc754c7c5f553948bb7b21f0690f2b3ef0c33957ee4a05d1b6e1352bb377,production_runs/original_ablation_20260918/runs/joint_pdyn_only/boxing/seed_0,https://github.com/MrHeatcliff/New_HTP/tree/main/paper_artifacts/original_corewm_ablations/joint_pdyn_only
run_088,joint_pdyn_only,joint_pdyn_only,up_n_down,0,size12m,0,0,100000,100,48514.55869076411,533.4,11693.2,0.722674184375339,1.83563122815556,1789724638.1819632,1789733936.0694916,Asia/Jakarta,9ba4f9b949e58d347bc6f56cadac001779d82e4597a1e818908d32fc1883fa37,production_runs/original_ablation_20260918/runs/joint_pdyn_only/up_n_down/seed_0,https://github.com/MrHeatcliff/New_HTP/tree/main/paper_artifacts/original_corewm_ablations/joint_pdyn_only
run_089,joint_pdyn_only,joint_pdyn_only,frostbite,0,size12m,0,0,100000,100,340.7107247795378,65.2,4334.7,0.7354376002815035,0.13037664201524524,1789724697.8697522,1789727902.8805127,Asia/Jakarta,63d53f4a87d996ff22ecea16a1d26acdddd67f4e961525b248b2c1cb70a842cd,production_runs/original_ablation_20260918/runs/joint_pdyn_only/frostbite/seed_0,https://github.com/MrHeatcliff/New_HTP/tree/main/paper_artifacts/original_corewm_ablations/joint_pdyn_only
run_090,joint_pdyn_only,joint_pdyn_only,road_runner,0,size12m,0,0,100000,100,2631.979705795083,11.5,7845.0,0.7356746507353252,0.118263328605228,1789724697.8699968,1789727860.344432,Asia/Jakarta,1be856622c504777075f30d34c6a34813f5b1195ef065974007c88a51a46e094,production_runs/original_ablation_20260918/runs/joint_pdyn_only/road_runner/seed_0,https://github.com/MrHeatcliff/New_HTP/tree/main/paper_artifacts/original_corewm_ablations/joint_pdyn_only
run_091,separable_full,htp_separable,boxing,0,size12m,0,0,100000,100,11.905791816921662,0.1,12.1,0.7272003071175681,0.13598162326547836,1789724759.3626192,1789727960.701571,Asia/Jakarta,b762f14b16d63961d59f93d54e337b674c3f5ba93cb93abc595ea46ec298b985,production_runs/original_ablation_20260918/runs/separable_full/boxing/seed_0,https://github.com/MrHeatcliff/New_HTP/tree/main/paper_artifacts/original_corewm_ablations/separable_full
run_092,separable_full,htp_separable,up_n_down,0,size12m,0,0,100000,100,72930.92170435298,533.4,11693.2,0.7278042436970604,1.5444058604372872,1789724759.3632119,1789733029.8243573,Asia/Jakarta,bd937ebbb3f7075be56511cfdb925258b96d0e47370e69f0144e8bf025553224,production_runs/original_ablation_20260918/runs/separable_full/up_n_down/seed_0,https://github.com/MrHeatcliff/New_HTP/tree/main/paper_artifacts/original_corewm_ablations/separable_full
run_093,separable_full,htp_separable,frostbite,0,size12m,0,0,100000,100,224.3566785097319,65.2,4334.7,0.7110716605848736,0.2621215173270967,1789725106.9333525,1789728700.2355678,Asia/Jakarta,fdb2078a0455d97a42bd833d8c994de77d5db7adfa0ae30f821ae37e9bc48da6,production_runs/original_ablation_20260918/runs/separable_full/frostbite/seed_0,https://github.com/MrHeatcliff/New_HTP/tree/main/paper_artifacts/original_corewm_ablations/separable_full
run_094,separable_full,htp_separable,road_runner,0,size12m,0,0,100000,100,1610.2525054515927,11.5,7845.0,0.7259038448996014,0.15564068390263452,1789725106.9335506,1789728371.5459335,Asia/Jakarta,1f1e604881b3a117d175add597d046f44b513f93bc955b15baa3c43acc107dd7,production_runs/original_ablation_20260918/runs/separable_full/road_runner/seed_0,https://github.com/MrHeatcliff/New_HTP/tree/main/paper_artifacts/original_corewm_ablations/separable_full
run_095,separable_flat,separable_flat,boxing,0,size12m,0,0,100000,100,9.580514737020273,0.1,12.1,0.743678420384725,0.21170021381643084,1789725314.8835106,1789728851.8025007,Asia/Jakarta,b656b1e93c8baf1629bf512a38be5f61cd62b39d21199118b8f70427d2525021,production_runs/original_ablation_20260918/runs/separable_flat/boxing/seed_0,https://github.com/MrHeatcliff/New_HTP/tree/main/paper_artifacts/original_corewm_ablations/separable_flat
run_096,separable_flat,separable_flat,up_n_down,0,size12m,0,0,100000,100,25862.98116902796,533.4,11693.2,0.7446314746141434,0.9432533222436905,1789725314.8839319,1789731485.814433,Asia/Jakarta,d9abd4b9ff6933a69717f04f633864b789b8588f25f6809a6252044d4019386b,production_runs/original_ablation_20260918/runs/separable_flat/up_n_down/seed_0,https://github.com/MrHeatcliff/New_HTP/tree/main/paper_artifacts/original_corewm_ablations/separable_flat
run_097,separable_flat,separable_flat,frostbite,0,size12m,0,0,100000,100,28.85333865456737,65.2,4334.7,0.7379903719160292,0.10808902197413975,1789725619.2750611,1789728754.8346722,Asia/Jakarta,eb55363409996a214ef0893c4386da419ca47c78b3ced3058bf96f13710658d2,production_runs/original_ablation_20260918/runs/separable_flat/frostbite/seed_0,https://github.com/MrHeatcliff/New_HTP/tree/main/paper_artifacts/original_corewm_ablations/separable_flat
run_098,separable_flat,separable_flat,road_runner,0,size12m,0,0,100000,100,1160.5902364614726,11.5,7845.0,0.737574678460757,0.1474043469958835,1789725619.2753518,1789728894.147648,Asia/Jakarta,67caae5cbe887cb5e56eef506af0f6130bf25886b17b24bb2e38772e4d8eb247,production_runs/original_ablation_20260918/runs/separable_flat/road_runner/seed_0,https://github.com/MrHeatcliff/New_HTP/tree/main/paper_artifacts/original_corewm_ablations/separable_flat
run_099,reverse,htp_reverse_strides,boxing,0,size12m,0,0,100000,100,11.686130949362862,0.1,12.1,0.7276555266645219,0.22178750455379487,1789725767.4888067,1789729278.6783175,Asia/Jakarta,eb98462309dd7c337bf7cf9bdf05fe3e624e1d4103a517f00af8456813552ac0,production_runs/original_ablation_20260918/runs/reverse/boxing/seed_0,https://github.com/MrHeatcliff/New_HTP/tree/main/paper_artifacts/original_corewm_ablations/reverse
run_100,reverse,htp_reverse_strides,up_n_down,0,size12m,0,0,100000,100,11718.226795566095,533.4,11693.2,0.7289982926183277,0.18651725007428063,1789725767.4892545,1789729153.9124377,Asia/Jakarta,f7571e9fc6fc8ca317fb8feb852d245dbb38d7773f754ea69ace7429e3db7013,production_runs/original_ablation_20260918/runs/reverse/up_n_down/seed_0,https://github.com/MrHeatcliff/New_HTP/tree/main/paper_artifacts/original_corewm_ablations/reverse
run_101,reverse,htp_reverse_strides,frostbite,0,size12m,0,0,100000,100,541.550337158761,65.2,4334.7,0.7303684167729484,0.12697484228346084,1789725770.9102094,1789728945.257596,Asia/Jakarta,73b1741fa2d386d03548bfe0dcea18900a37b8c317be8390a7cb48c022b4d58f,production_runs/original_ablation_20260918/runs/reverse/frostbite/seed_0,https://github.com/MrHeatcliff/New_HTP/tree/main/paper_artifacts/original_corewm_ablations/reverse
run_102,reverse,htp_reverse_strides,road_runner,0,size12m,0,0,100000,100,1437.4398538141807,11.5,7845.0,0.7286542205015818,0.16374777204460567,1789725770.910472,1789729071.6541717,Asia/Jakarta,31fb3b8f1b7ac21b877d02386db6908f44c8bf067f33cda1cfcdaccfe4bee7bb,production_runs/original_ablation_20260918/runs/reverse/road_runner/seed_0,https://github.com/MrHeatcliff/New_HTP/tree/main/paper_artifacts/original_corewm_ablations/reverse
run_103,all1,all1,boxing,0,size12m,0,0,100000,100,7.125030568780783,0.1,12.1,0.7326259936889012,0.1317871840794881,1789725795.0910144,1789728997.2596457,Asia/Jakarta,b99c86caf3fbc84e44681c5eefa1926a97974cbccee788765797566738868ca1,production_runs/original_ablation_20260918/runs/all1/boxing/seed_0,https://github.com/MrHeatcliff/New_HTP/tree/main/paper_artifacts/original_corewm_ablations/all1
run_104,all1,all1,up_n_down,0,size12m,0,0,100000,100,18529.421861875602,533.4,11693.2,0.7350740266508526,0.906666092409028,1789725795.0914028,1789731792.5930007,Asia/Jakarta,e8a6e18a9f75d8d39327ca24d8d1f7f2b9540f393c1e31dd6a16bf5d1fdfe240,production_runs/original_ablation_20260918/runs/all1/up_n_down/seed_0,https://github.com/MrHeatcliff/New_HTP/tree/main/paper_artifacts/original_corewm_ablations/all1
run_105,all1,all1,frostbite,0,size12m,0,0,100000,100,359.78899540163985,65.2,4334.7,0.7207291303740607,0.11955200831095378,1789725845.7864032,1789728956.0579886,Asia/Jakarta,e34f2347a92590052e422a5b9f1472864c38a9eaa7eaa0b265d29b9c70f396fb,production_runs/original_ablation_20260918/runs/all1/frostbite/seed_0,https://github.com/MrHeatcliff/New_HTP/tree/main/paper_artifacts/original_corewm_ablations/all1
run_106,all1,all1,road_runner,0,size12m,0,0,100000,100,1307.3571923092893,11.5,7845.0,0.7240465985404121,0.14922523326343962,1789725845.7860563,1789729072.9225442,Asia/Jakarta,7cb7f1eaa242289cc2250ef48b51c2f95928b304c62c1814d1108dcd13820936,production_runs/original_ablation_20260918/runs/all1/road_runner/seed_0,https://github.com/MrHeatcliff/New_HTP/tree/main/paper_artifacts/original_corewm_ablations/all1
run_107,all16,all16,boxing,0,size12m,0,0,100000,100,10.371698087204487,0.1,12.1,0.7323523133330875,0.2278828314277861,1789726824.4237578,1789730370.3627336,Asia/Jakarta,f9117ca6093f1d4b788eb6a9d5c322f862a8f08cd39294802a8f29197a1e6da0,production_runs/original_ablation_20260918/runs/all16/boxing/seed_0,https://github.com/MrHeatcliff/New_HTP/tree/main/paper_artifacts/original_corewm_ablations/all16
run_108,all16,all16,up_n_down,0,size12m,0,0,100000,100,14104.28146867024,533.4,11693.2,0.7335659141010709,0.6138131822480096,1789726824.4234097,1789731761.4902241,Asia/Jakarta,59defe6a5cb4971104d1f82a7103e7542fafa06520150597516afd07eeb4f277,production_runs/original_ablation_20260918/runs/all16/up_n_down/seed_0,https://github.com/MrHeatcliff/New_HTP/tree/main/paper_artifacts/original_corewm_ablations/all16
run_109,all16,all16,frostbite,0,size12m,0,0,100000,100,43.4148417577271,65.2,4334.7,0.7380727809667588,0.10007732530434926,1789727058.0723906,1789730162.9299223,Asia/Jakarta,09dacb844829fe8e6014ec8787db5707b3b3c3576880554e98703bc2dc13b0a3,production_runs/original_ablation_20260918/runs/all16/frostbite/seed_0,https://github.com/MrHeatcliff/New_HTP/tree/main/paper_artifacts/original_corewm_ablations/all16
run_110,all16,all16,road_runner,0,size12m,0,0,100000,100,2339.6181592971816,11.5,7845.0,0.7372738169299231,0.15187159498532612,1789727058.0726998,1789730346.6936386,Asia/Jakarta,f30a0a423a52b4af328943d2dc9267be3aff07e8725a320cc6186a24bacb37ce,production_runs/original_ablation_20260918/runs/all16/road_runner/seed_0,https://github.com/MrHeatcliff/New_HTP/tree/main/paper_artifacts/original_corewm_ablations/all16
run_111,permuted,permuted,boxing,0,size12m,0,0,100000,100,10.9187032567096,0.1,12.1,0.73304692029953,0.1077898539437188,1789727593.2551868,1789730712.3646915,Asia/Jakarta,fe3f423f41f5ebc0ca03acb37ba937e43ef9822396b33c365e8eafb2ec4cbf86,production_runs/original_ablation_20260918/runs/permuted/boxing/seed_0,https://github.com/MrHeatcliff/New_HTP/tree/main/paper_artifacts/original_corewm_ablations/permuted
run_112,permuted,permuted,up_n_down,0,size12m,0,0,100000,100,44403.38884555656,533.4,11693.2,0.7328512848748101,1.756264410217603,1789727593.2555275,1789736643.5896206,Asia/Jakarta,9ad378ca8be848347ff6867ff9be0c4b947fb2a189d787acb42ea779877709d0,production_runs/original_ablation_20260918/runs/permuted/up_n_down/seed_0,https://github.com/MrHeatcliff/New_HTP/tree/main/paper_artifacts/original_corewm_ablations/permuted
run_113,permuted,permuted,frostbite,0,size12m,0,0,100000,100,450.54606598632904,65.2,4334.7,0.7272317384348975,0.1185500090652042,1789727773.1059165,1789730906.4672432,Asia/Jakarta,746c32a81787c001c67d5f42f90e74de50ad66798c93e3582d1e3bb5e79448d1,production_runs/original_ablation_20260918/runs/permuted/frostbite/seed_0,https://github.com/MrHeatcliff/New_HTP/tree/main/paper_artifacts/original_corewm_ablations/permuted
run_114,permuted,permuted,road_runner,0,size12m,0,0,100000,100,1211.181491792459,11.5,7845.0,0.7269508530033959,0.15533038516839345,1789727773.1057355,1789731039.044359,Asia/Jakarta,c9e6631b5572bfb45cddef7f1fe68a92c6b2c1ed15651aa1cffa016dc514212f,production_runs/original_ablation_20260918/runs/permuted/road_runner/seed_0,https://github.com/MrHeatcliff/New_HTP/tree/main/paper_artifacts/original_corewm_ablations/permuted
run_115,full_validnorm,full_validnorm,boxing,0,size12m,0,0,100000,100,12.145128299616328,0.1,12.1,0.7281072181463242,0.15566304677062565,1789727859.6986518,1789731134.401556,Asia/Jakarta,3190826a55001ad6162eda1dba35fa1908a9299d661b5a3043800f7532d66db2,production_runs/original_ablation_20260918/runs/full_validnorm/boxing/seed_0,https://github.com/MrHeatcliff/New_HTP/tree/main/paper_artifacts/original_corewm_ablations/full_validnorm
run_116,full_validnorm,full_validnorm,up_n_down,0,size12m,0,0,100000,100,4697.260687858081,533.4,11693.2,0.7307560831308365,0.49333039667871265,1789727859.698952,1789732356.9505165,Asia/Jakarta,203863f1819c7788ef0deef925fde2ae4af5167e3f84ed49657291f35b9b6a02,production_runs/original_ablation_20260918/runs/full_validnorm/up_n_down/seed_0,https://github.com/MrHeatcliff/New_HTP/tree/main/paper_artifacts/original_corewm_ablations/full_validnorm
run_117,full_validnorm,full_validnorm,frostbite,0,size12m,0,0,100000,100,18.74307953093702,65.2,4334.7,0.7324348749717077,0.09209533075491587,1789727866.1094735,1789730925.986847,Asia/Jakarta,bf7fd985ace2b4a43f0d11cefb41cbbbca67518d0320db8927994da475440b86,production_runs/original_ablation_20260918/runs/full_validnorm/frostbite/seed_0,https://github.com/MrHeatcliff/New_HTP/tree/main/paper_artifacts/original_corewm_ablations/full_validnorm
run_118,full_validnorm,full_validnorm,road_runner,0,size12m,0,0,100000,100,1712.0402501640604,11.5,7845.0,0.7294189553790622,0.14412946701049806,1789727866.1097782,1789731102.61161,Asia/Jakarta,204ec772f91d4fa0e23b0572226393dab14a53df00d770060d387f23b33d9c03,production_runs/original_ablation_20260918/runs/full_validnorm/road_runner/seed_0,https://github.com/MrHeatcliff/New_HTP/tree/main/paper_artifacts/original_corewm_ablations/full_validnorm
run_119,reverse_validnorm,reverse_validnorm,boxing,0,size12m,0,0,100000,100,10.426752692817248,0.1,12.1,0.7357713661591212,0.2292147152291404,1789727903.0360138,1789731470.6313136,Asia/Jakarta,8f201126183e7b5e4c89e13beee5e07037c7e36073db51fd4b937bbd57b6792f,production_runs/original_ablation_20260918/runs/reverse_validnorm/boxing/seed_0,https://github.com/MrHeatcliff/New_HTP/tree/main/paper_artifacts/original_corewm_ablations/reverse_validnorm
run_120,reverse_validnorm,reverse_validnorm,up_n_down,0,size12m,0,0,100000,100,15934.310187818492,533.4,11693.2,0.7372057670354843,0.5508576874600516,1789727903.0358317,1789732630.6883607,Asia/Jakarta,e7a3b183e4fdb14f18827e276af43f96475dc315d6bbaea7c08e53f37cff51d3,production_runs/original_ablation_20260918/runs/reverse_validnorm/up_n_down/seed_0,https://github.com/MrHeatcliff/New_HTP/tree/main/paper_artifacts/original_corewm_ablations/reverse_validnorm
run_121,reverse_validnorm,reverse_validnorm,frostbite,0,size12m,0,0,100000,100,21.99058568082848,65.2,4334.7,0.7087333240773943,0.0941143888897366,1789728700.550315,1789731676.9423468,Asia/Jakarta,26792832984755b9ef08a945d0111d266e66508d83d446eac33e5c0d6de156c8,production_runs/original_ablation_20260918/runs/reverse_validnorm/frostbite/seed_0,https://github.com/MrHeatcliff/New_HTP/tree/main/paper_artifacts/original_corewm_ablations/reverse_validnorm
run_122,reverse_validnorm,reverse_validnorm,road_runner,0,size12m,0,0,100000,100,2074.5390141455814,11.5,7845.0,0.7228199423021741,0.1407095228963428,1789728700.5504565,1789731896.6467793,Asia/Jakarta,c76a4665c68d971d29130a07475bff0e0c48065ecd69aa47867bc8f32a360365,production_runs/original_ablation_20260918/runs/reverse_validnorm/road_runner/seed_0,https://github.com/MrHeatcliff/New_HTP/tree/main/paper_artifacts/original_corewm_ablations/reverse_validnorm
run_123,all1_validnorm,all1_validnorm,boxing,0,size12m,0,0,100000,100,7.1251156290458,0.1,12.1,0.7259019159608417,0.21744149340523614,1789729071.847429,1789732557.652068,Asia/Jakarta,1e0030b18dbebb16751dd7758aed2402a0820da8dcee84ff83154ff680b7a790,production_runs/original_ablation_20260918/runs/all1_validnorm/boxing/seed_0,https://github.com/MrHeatcliff/New_HTP/tree/main/paper_artifacts/original_corewm_ablations/all1_validnorm
run_124,all1_validnorm,all1_validnorm,up_n_down,0,size12m,0,0,100000,100,35440.400596699605,533.4,11693.2,0.7289154744148254,0.8242550304200914,1789729071.8471563,1789734747.0307603,Asia/Jakarta,51a33c1a18069c24be45594403616378bf14b7352dcebbc68799996ddf9c590b,production_runs/original_ablation_20260918/runs/all1_validnorm/up_n_down/seed_0,https://github.com/MrHeatcliff/New_HTP/tree/main/paper_artifacts/original_corewm_ablations/all1_validnorm
run_125,all1_validnorm,all1_validnorm,frostbite,0,size12m,0,0,100000,100,456.5002572271837,65.2,4334.7,0.7280220331748327,0.21570939799149833,1789729073.128951,1789732556.6039088,Asia/Jakarta,73db2f65f15be5aef8241dec1988236ee075da31e7003425b81d20fc190b7bb3,production_runs/original_ablation_20260918/runs/all1_validnorm/frostbite/seed_0,https://github.com/MrHeatcliff/New_HTP/tree/main/paper_artifacts/original_corewm_ablations/all1_validnorm
run_126,all1_validnorm,all1_validnorm,road_runner,0,size12m,0,0,100000,100,1634.441182728207,11.5,7845.0,0.7264472031593323,0.16741731809245217,1789729073.1293406,1789732377.2825677,Asia/Jakarta,34a66ead7491a6fc0a56f3a703df548bdce7d928e4e071bbab6079a80cd33a5d,production_runs/original_ablation_20260918/runs/all1_validnorm/road_runner/seed_0,https://github.com/MrHeatcliff/New_HTP/tree/main/paper_artifacts/original_corewm_ablations/all1_validnorm
run_127,all16_validnorm,all16_validnorm,boxing,0,size12m,0,0,100000,100,14.146345496597025,0.1,12.1,0.7300793189472622,0.11642438524299198,1789729278.9020278,1789732420.2268317,Asia/Jakarta,31c5f9a9728a21fc09b66e95e3b14e4ca34b161caff8e829433ca8596c87c434,production_runs/original_ablation_20260918/runs/all16_validnorm/boxing/seed_0,https://github.com/MrHeatcliff/New_HTP/tree/main/paper_artifacts/original_corewm_ablations/all16_validnorm
run_128,all16_validnorm,all16_validnorm,up_n_down,0,size12m,0,0,100000,100,761.2873931371089,533.4,11693.2,0.7310873276657528,0.1082369895113839,1789729278.9024463,1789732391.8174932,Asia/Jakarta,ae75af642243257a941f163fd60e66c214425cc36ad6093f8cfcba4b5fcf17db,production_runs/original_ablation_20260918/runs/all16_validnorm/up_n_down/seed_0,https://github.com/MrHeatcliff/New_HTP/tree/main/paper_artifacts/original_corewm_ablations/all16_validnorm
run_129,all16_validnorm,all16_validnorm,frostbite,0,size12m,0,0,100000,100,351.93898690689343,65.2,4334.7,0.7372986414035161,0.1973468754026625,1789730346.9181201,1789733799.342525,Asia/Jakarta,c53e2083e718e7ccf4b4ba177ad28e21b682f2119dadcbf3e3d1f2b72f6ed59c,production_runs/original_ablation_20260918/runs/all16_validnorm/frostbite/seed_0,https://github.com/MrHeatcliff/New_HTP/tree/main/paper_artifacts/original_corewm_ablations/all16_validnorm
run_130,all16_validnorm,all16_validnorm,road_runner,0,size12m,0,0,100000,100,1194.3283476582988,11.5,7845.0,0.7345212545659807,0.15376879798041448,1789730346.9183764,1789733632.725458,Asia/Jakarta,d11454b8243d4f548a687d7ca06cd6ae634987b5fb711731ef3d1d877dc6aa6b,production_runs/original_ablation_20260918/runs/all16_validnorm/road_runner/seed_0,https://github.com/MrHeatcliff/New_HTP/tree/main/paper_artifacts/original_corewm_ablations/all16_validnorm
run_131,reset_mask,reset_mask,boxing,0,size12m,0,0,100000,100,9.142839556260142,0.1,12.1,0.7233047138320076,0.2288664824432797,1789731039.2570553,1789734557.1398814,Asia/Jakarta,ccf522b0cf1b6cfc049f014d71cdba5ecc0013c6d646c0648883028ac327521a,production_runs/original_ablation_20260918/runs/reset_mask/boxing/seed_0,https://github.com/MrHeatcliff/New_HTP/tree/main/paper_artifacts/original_corewm_ablations/reset_mask
run_132,reset_mask,reset_mask,up_n_down,0,size12m,0,0,100000,100,5035.059598616104,533.4,11693.2,0.727122192117903,0.3729797224203745,1789731039.2573211,1789735083.6781805,Asia/Jakarta,c1270668eacf982c2b0f77499093980e0ff62dbd6ae3e131ef2e9df7d9eaab2b,production_runs/original_ablation_20260918/runs/reset_mask/up_n_down/seed_0,https://github.com/MrHeatcliff/New_HTP/tree/main/paper_artifacts/original_corewm_ablations/reset_mask
run_133,reset_mask,reset_mask,frostbite,0,size12m,0,0,100000,100,353.09556036216986,65.2,4334.7,0.7375078976154328,0.0905304965045717,1789731102.8131397,1789734173.1523,Asia/Jakarta,950b7e160f693fc1a8431f44642532376dcc42c7db907fa7f75300c985070744,production_runs/original_ablation_20260918/runs/reset_mask/frostbite/seed_0,https://github.com/MrHeatcliff/New_HTP/tree/main/paper_artifacts/original_corewm_ablations/reset_mask
run_134,reset_mask,reset_mask,road_runner,0,size12m,0,0,100000,100,811.7595304975084,11.5,7845.0,0.7371086998780568,0.15069624794854058,1789731102.8133461,1789734388.5912113,Asia/Jakarta,55fb1a8515d062f5a3d81feb24462d6cd07a2e4c0d963841f865df9f40bc4ff6,production_runs/original_ablation_20260918/runs/reset_mask/road_runner/seed_0,https://github.com/MrHeatcliff/New_HTP/tree/main/paper_artifacts/original_corewm_ablations/reset_mask
run_135,reset_mask_validnorm,reset_mask_validnorm,boxing,0,size12m,0,0,100000,100,7.7589960820985215,0.1,12.1,0.7362182648976644,0.11924834542804294,1789731486.0325608,1789734658.251768,Asia/Jakarta,043ca6a576323deff0606929f9cb99d1772cc36118699ce075cd93c1cef79601,production_runs/original_ablation_20260918/runs/reset_mask_validnorm/boxing/seed_0,https://github.com/MrHeatcliff/New_HTP/tree/main/paper_artifacts/original_corewm_ablations/reset_mask_validnorm
run_136,reset_mask_validnorm,reset_mask_validnorm,up_n_down,0,size12m,0,0,100000,100,55963.40552124534,533.4,11693.2,0.7382867481311163,1.478986857732137,1789731486.0328057,1789739557.755809,Asia/Jakarta,db2962ee9064acdf18c49dd99f384c8e25b876252a445ca1db5c9e35b9775c50,production_runs/original_ablation_20260918/runs/reset_mask_validnorm/up_n_down/seed_0,https://github.com/MrHeatcliff/New_HTP/tree/main/paper_artifacts/original_corewm_ablations/reset_mask_validnorm
run_137,reset_mask_validnorm,reset_mask_validnorm,frostbite,0,size12m,0,0,100000,100,524.3718608819971,65.2,4334.7,0.7365596759319305,0.17015605443053775,1789731761.8408005,1789735110.831468,Asia/Jakarta,6705ff58a3fecdcb0443af72201ae435130701b9fb3b3ade9b3795ff85670acf,production_runs/original_ablation_20260918/runs/reset_mask_validnorm/frostbite/seed_0,https://github.com/MrHeatcliff/New_HTP/tree/main/paper_artifacts/original_corewm_ablations/reset_mask_validnorm
run_138,reset_mask_validnorm,reset_mask_validnorm,road_runner,0,size12m,0,0,100000,100,1921.5418892970386,11.5,7845.0,0.7364682805538177,0.1355470464626948,1789731761.8419924,1789734986.6250598,Asia/Jakarta,3ab661e9510ec3158136190fa4505474d0feb19fa127164b291d6edca55b675a,production_runs/original_ablation_20260918/runs/reset_mask_validnorm/road_runner/seed_0,https://github.com/MrHeatcliff/New_HTP/tree/main/paper_artifacts/original_corewm_ablations/reset_mask_validnorm
run_139,recon_no_sg,recon_no_sg,boxing,0,size12m,0,0,100000,100,8.710721363163138,0.1,12.1,0.7339343098137113,0.15566691193315718,1789731792.852122,1789735086.0043755,Asia/Jakarta,d448422bdd1f7f9bbe9483e26d87eba9ab0d811479c2c2d41a013de0b8514166,production_runs/original_ablation_20260918/runs/recon_no_sg/boxing/seed_0,https://github.com/MrHeatcliff/New_HTP/tree/main/paper_artifacts/original_corewm_ablations/recon_no_sg
run_140,recon_no_sg,recon_no_sg,up_n_down,0,size12m,0,0,100000,100,46969.15352374762,533.4,11693.2,0.7332723136080636,1.740086575547854,1789731792.8524747,1789740784.5114782,Asia/Jakarta,8e7e3947c50d5572c7840a22b4d700f282e513823e0237fad8ecabf0fbabc577,production_runs/original_ablation_20260918/runs/recon_no_sg/up_n_down/seed_0,https://github.com/MrHeatcliff/New_HTP/tree/main/paper_artifacts/original_corewm_ablations/recon_no_sg
run_141,recon_no_sg,recon_no_sg,frostbite,0,size12m,0,0,100000,100,508.2695041893512,65.2,4334.7,0.7036183689037959,0.11842266857624054,1789731896.9090676,1789734942.44626,Asia/Jakarta,efc3248eda7898b9799703aec973e3da1c383a0d89982af1def7eb797e4bb542,production_runs/original_ablation_20260918/runs/recon_no_sg/frostbite/seed_0,https://github.com/MrHeatcliff/New_HTP/tree/main/paper_artifacts/original_corewm_ablations/recon_no_sg
run_142,recon_no_sg,recon_no_sg,road_runner,0,size12m,0,0,100000,100,3901.524566037479,11.5,7845.0,0.7201178257332908,0.1249876070022583,1789731896.909563,1789735027.1628213,Asia/Jakarta,236a1955c67bf722efc8c9ac1875dea356d2e41998e98f3edc7a42992363ad24,production_runs/original_ablation_20260918/runs/recon_no_sg/road_runner/seed_0,https://github.com/MrHeatcliff/New_HTP/tree/main/paper_artifacts/original_corewm_ablations/recon_no_sg
run_143,recon_final_only,recon_final_only,boxing,0,size12m,0,0,100000,100,9.850211503651416,0.1,12.1,0.7355816996097565,0.12211988250414531,1789732141.0884488,1789735323.2326782,Asia/Jakarta,0762cdad364160b3cc122bd91311b78b45720de45456f7a6d794cc6e582c98d7,production_runs/original_ablation_20260918/runs/recon_final_only/boxing/seed_0,https://github.com/MrHeatcliff/New_HTP/tree/main/paper_artifacts/original_corewm_ablations/recon_final_only
run_144,recon_final_only,recon_final_only,up_n_down,0,size12m,0,0,100000,100,17670.411799720943,533.4,11693.2,0.7366302942567401,0.666826702621248,1789732141.0889084,1789737285.0095706,Asia/Jakarta,7b535350dea98e8cfe958f53b99ba7afa8ce8d31b53e0387ebc2b83871d462fc,production_runs/original_ablation_20260918/runs/recon_final_only/up_n_down/seed_0,https://github.com/MrHeatcliff/New_HTP/tree/main/paper_artifacts/original_corewm_ablations/recon_final_only
run_145,recon_final_only,recon_final_only,frostbite,0,size12m,0,0,100000,100,48.742158136442626,65.2,4334.7,0.7379584246211581,0.0990076443221834,1789732357.2488,1789735458.3807344,Asia/Jakarta,216fcef5ffd7ab89c30b7a70bad6455506c49161514cf4e84b97dfc84de48d6f,production_runs/original_ablation_20260918/runs/recon_final_only/frostbite/seed_0,https://github.com/MrHeatcliff/New_HTP/tree/main/paper_artifacts/original_corewm_ablations/recon_final_only
run_146,recon_final_only,recon_final_only,road_runner,0,size12m,0,0,100000,100,1614.4983897499094,11.5,7845.0,0.7374135431316163,0.14618538777033488,1789732357.248942,1789735626.3518195,Asia/Jakarta,9f1b0c734b7c4dd25577142d061bb3b39d07f156998066c32c90f13576a5921e,production_runs/original_ablation_20260918/runs/recon_final_only/road_runner/seed_0,https://github.com/MrHeatcliff/New_HTP/tree/main/paper_artifacts/original_corewm_ablations/recon_final_only
run_147,pdyn_no_sg,pdyn_no_sg,boxing,0,size12m,0,0,100000,100,10.403262891414347,0.1,12.1,0.7287116902404361,0.1125649752219518,1789732420.4329216,1789735541.3039372,Asia/Jakarta,d80bf0cf49a66747ca8d6b806e0726476d284cfb6c6e90ae12cb7a34db1445ad,production_runs/original_ablation_20260918/runs/pdyn_no_sg/boxing/seed_0,https://github.com/MrHeatcliff/New_HTP/tree/main/paper_artifacts/original_corewm_ablations/pdyn_no_sg
run_148,pdyn_no_sg,pdyn_no_sg,up_n_down,0,size12m,0,0,100000,100,32054.568319373982,533.4,11693.2,0.7296799436542722,1.7540941246350605,1789732420.433564,1789741451.7504447,Asia/Jakarta,dfdbff002667a318af7811867c0cc9ed385e2e6b006cee87c0520c757ea0479c,production_runs/original_ablation_20260918/runs/pdyn_no_sg/up_n_down/seed_0,https://github.com/MrHeatcliff/New_HTP/tree/main/paper_artifacts/original_corewm_ablations/pdyn_no_sg
run_149,pdyn_no_sg,pdyn_no_sg,frostbite,0,size12m,0,0,100000,100,624.5826970502349,65.2,4334.7,0.728248983224233,0.16567892716990576,1789732556.9300606,1789735861.2911036,Asia/Jakarta,699a01a690d40201924713f51474ba6caa2b7d9011b1c80b3e7d819c2c7b0d0f,production_runs/original_ablation_20260918/runs/pdyn_no_sg/frostbite/seed_0,https://github.com/MrHeatcliff/New_HTP/tree/main/paper_artifacts/original_corewm_ablations/pdyn_no_sg
run_150,pdyn_no_sg,pdyn_no_sg,road_runner,0,size12m,0,0,100000,100,835.3309390761112,11.5,7845.0,0.7276819940408071,0.5156032081445058,1789732556.9312255,1789737119.1358566,Asia/Jakarta,17167aa951439d66cc91a7e7d5720ae2b3cbc71b3934ab1b7f2c580c36d7eb20,production_runs/original_ablation_20260918/runs/pdyn_no_sg/road_runner/seed_0,https://github.com/MrHeatcliff/New_HTP/tree/main/paper_artifacts/original_corewm_ablations/pdyn_no_sg
run_151,online_target,online_target,boxing,0,size12m,0,0,100000,100,10.834270355746812,0.1,12.1,0.7301214127408133,0.12898295025030773,1789732630.9396074,1789735814.518893,Asia/Jakarta,9509f41b78d855e73177de28c41c085fc4ea3b81e34d3e1dbe8a76efbdbed54e,production_runs/original_ablation_20260918/runs/online_target/boxing/seed_0,https://github.com/MrHeatcliff/New_HTP/tree/main/paper_artifacts/original_corewm_ablations/online_target
run_152,online_target,online_target,up_n_down,0,size12m,0,0,100000,100,6232.355342983271,533.4,11693.2,0.7291648101144367,0.5060333146651586,1789732630.9398756,1789737165.3651254,Asia/Jakarta,661a78753f79649d180274265bc2c22ab4836af3611065166fad85bce34aec2b,production_runs/original_ablation_20260918/runs/online_target/up_n_down/seed_0,https://github.com/MrHeatcliff/New_HTP/tree/main/paper_artifacts/original_corewm_ablations/online_target
run_153,online_target,online_target,frostbite,0,size12m,0,0,100000,100,322.05870284904285,65.2,4334.7,0.7305088497532739,0.12398191339439817,1789733030.308241,1789736194.3086808,Asia/Jakarta,2211d63e69bb824bd8053e76eaa5e5d33a5ce5363c9740551ec3fb69cd71d1a1,production_runs/original_ablation_20260918/runs/online_target/frostbite/seed_0,https://github.com/MrHeatcliff/New_HTP/tree/main/paper_artifacts/original_corewm_ablations/online_target
run_154,online_target,online_target,road_runner,0,size12m,0,0,100000,100,2512.6677038357043,11.5,7845.0,0.7300176435046726,0.14636543167961968,1789733030.3084836,1789736273.201697,Asia/Jakarta,b42103ff3e5e57a6f770a9aadb975c1f9a3746eb4c9731b693f87fd29c0ec0ec,production_runs/original_ablation_20260918/runs/online_target/road_runner/seed_0,https://github.com/MrHeatcliff/New_HTP/tree/main/paper_artifacts/original_corewm_ablations/online_target
run_155,no_actions,no_actions,boxing,0,size12m,0,0,100000,100,8.734605505306655,0.1,12.1,0.7237639445066452,0.2288243070575926,1789733799.5577807,1789737320.6001236,Asia/Jakarta,0da1f85f74999007d8b060b493cc630d6fe28c855c35291051662ce614cd53ff,production_runs/original_ablation_20260918/runs/no_actions/boxing/seed_0,https://github.com/MrHeatcliff/New_HTP/tree/main/paper_artifacts/original_corewm_ablations/no_actions
run_156,no_actions,no_actions,up_n_down,0,size12m,0,0,100000,100,40121.21059232808,533.4,11693.2,0.7260959494113922,1.9963737749391133,1789733799.5580928,1789743689.0068445,Asia/Jakarta,48dc0e820bdc96dfb0aefcae072e4c13121fa3e950f3030a17738225b6fc5439,production_runs/original_ablation_20260918/runs/no_actions/up_n_down/seed_0,https://github.com/MrHeatcliff/New_HTP/tree/main/paper_artifacts/original_corewm_ablations/no_actions
run_157,no_actions,no_actions,frostbite,0,size12m,0,0,100000,100,110.72994722350955,65.2,4334.7,0.7305763646629122,0.08923492153485615,1789733936.4799132,1789736975.9084957,Asia/Jakarta,a4a4165d307f6682a2d473e20b109101252e9d3512e92173992ff4fc8ceadfb5,production_runs/original_ablation_20260918/runs/no_actions/frostbite/seed_0,https://github.com/MrHeatcliff/New_HTP/tree/main/paper_artifacts/original_corewm_ablations/no_actions
run_158,no_actions,no_actions,road_runner,0,size12m,0,0,100000,100,1619.534787923041,11.5,7845.0,0.7291310775942272,0.14698893361621432,1789733936.4796205,1789737176.7418764,Asia/Jakarta,96acd8c539da8d76fd05c5543b4ee521b76a7ee2ba403a778224020d61a30024,production_runs/original_ablation_20260918/runs/no_actions/road_runner/seed_0,https://github.com/MrHeatcliff/New_HTP/tree/main/paper_artifacts/original_corewm_ablations/no_actions
run_159,ema_slow,ema_slow,boxing,0,size12m,0,0,100000,100,12.032128706597234,0.1,12.1,0.7221130919456482,0.1278375917673111,1789734388.9051104,1789737539.2977252,Asia/Jakarta,8639b9753ccf5f80e149df5e3ea9458233657a21ee1914c3ef7c502c8936f8fe,production_runs/original_ablation_20260918/runs/ema_slow/boxing/seed_0,https://github.com/MrHeatcliff/New_HTP/tree/main/paper_artifacts/original_corewm_ablations/ema_slow
run_160,ema_slow,ema_slow,up_n_down,0,size12m,0,0,100000,100,43677.84199943116,533.4,11693.2,0.7247993686464098,0.6910429776377148,1789734388.9052892,1789739574.5703216,Asia/Jakarta,ede3a331d221ec9160b1491058dcf300d8817a4f1aba72eadc72451be7538ee6,production_runs/original_ablation_20260918/runs/ema_slow/up_n_down/seed_0,https://github.com/MrHeatcliff/New_HTP/tree/main/paper_artifacts/original_corewm_ablations/ema_slow
run_161,ema_slow,ema_slow,frostbite,0,size12m,0,0,100000,100,431.180795940495,65.2,4334.7,0.7298673172129525,0.11405147420035468,1789734747.4001863,1789737873.681579,Asia/Jakarta,e52ae1d54c5081ed88430865a6011c25b21a68d7877ec0333a533335ca7b8a0e,production_runs/original_ablation_20260918/runs/ema_slow/frostbite/seed_0,https://github.com/MrHeatcliff/New_HTP/tree/main/paper_artifacts/original_corewm_ablations/ema_slow
run_162,ema_slow,ema_slow,road_runner,0,size12m,0,0,100000,100,3156.978961224823,11.5,7845.0,0.7286076085435019,0.15450692845715416,1789734747.3999999,1789738014.9049282,Asia/Jakarta,3cc150f2a982fc0a6dcf42af7b5347efa5f096a5a0284b0f90310cd74892089d,production_runs/original_ablation_20260918/runs/ema_slow/road_runner/seed_0,https://github.com/MrHeatcliff/New_HTP/tree/main/paper_artifacts/original_corewm_ablations/ema_slow
run_163,ema_fast,ema_fast,boxing,0,size12m,0,0,100000,100,9.376501899897844,0.1,12.1,0.7125518063041899,0.10797044972578684,1789735027.3901148,1789738070.778542,Asia/Jakarta,4502ae00de02da04e8e567e473e068a445722518aff0860450f1e372f700ae84,production_runs/original_ablation_20260918/runs/ema_fast/boxing/seed_0,https://github.com/MrHeatcliff/New_HTP/tree/main/paper_artifacts/original_corewm_ablations/ema_fast
run_164,ema_fast,ema_fast,up_n_down,0,size12m,0,0,100000,100,10283.357649890213,533.4,11693.2,0.726268231537607,1.8515264240238403,1789735027.3903584,1789744396.245778,Asia/Jakarta,1c83196d9b5f8531153d53c1244df195e1bb04045347c61c69ae804b9acb4908,production_runs/original_ablation_20260918/runs/ema_fast/up_n_down/seed_0,https://github.com/MrHeatcliff/New_HTP/tree/main/paper_artifacts/original_corewm_ablations/ema_fast
run_165,ema_fast,ema_fast,frostbite,0,size12m,0,0,100000,100,29.62305272123811,65.2,4334.7,0.7325418609380722,0.08651998672220441,1789735083.9895506,1789738119.8476489,Asia/Jakarta,83494a1a15186720fe25e3a19e52eb86ff6055037db939c9bad8c34419965ad9,production_runs/original_ablation_20260918/runs/ema_fast/frostbite/seed_0,https://github.com/MrHeatcliff/New_HTP/tree/main/paper_artifacts/original_corewm_ablations/ema_fast
run_166,ema_fast,ema_fast,road_runner,0,size12m,0,0,100000,100,2997.570733615856,11.5,7845.0,0.7315610159105724,0.1278908560011122,1789735083.9899268,1789738264.1052384,Asia/Jakarta,6b3ac4731c4329eb3d9f4eb9493fb15310c94e9c7fe809e52cd75bc5dd77bc4d,production_runs/original_ablation_20260918/runs/ema_fast/road_runner/seed_0,https://github.com/MrHeatcliff/New_HTP/tree/main/paper_artifacts/original_corewm_ablations/ema_fast
run_167,rec_weak,rec_weak,boxing,0,size12m,0,0,100000,100,11.146209212013733,0.1,12.1,0.7348780570427577,0.1682492944267061,1789735111.1500454,1789738452.8265917,Asia/Jakarta,c6183861905c25c4e53583803b71efa4ef8d7b0fd807a19a17486f21ebf88e70,production_runs/original_ablation_20260918/runs/rec_weak/boxing/seed_0,https://github.com/MrHeatcliff/New_HTP/tree/main/paper_artifacts/original_corewm_ablations/rec_weak
run_168,rec_weak,rec_weak,up_n_down,0,size12m,0,0,100000,100,44544.082580397735,533.4,11693.2,0.7377967054314084,1.555946965681182,1789735111.1497462,1789743456.4587348,Asia/Jakarta,a8714b89a9052dcdd35e014e9ecf93bb4f561949c104bba3c67a4aedc7482e8d,production_runs/original_ablation_20260918/runs/rec_weak/up_n_down/seed_0,https://github.com/MrHeatcliff/New_HTP/tree/main/paper_artifacts/original_corewm_ablations/rec_weak
run_169,rec_weak,rec_weak,frostbite,0,size12m,0,0,100000,100,463.8986740636147,65.2,4334.7,0.7274360877937741,0.1318917687733968,1789735626.671976,1789738808.4814215,Asia/Jakarta,b2c0c66ee66c1400cf455d624bdf7f2887857c65d1e139a4665f98516d267a6f,production_runs/original_ablation_20260918/runs/rec_weak/frostbite/seed_0,https://github.com/MrHeatcliff/New_HTP/tree/main/paper_artifacts/original_corewm_ablations/rec_weak
run_170,rec_weak,rec_weak,road_runner,0,size12m,0,0,100000,100,1209.133590801298,11.5,7845.0,0.7272527301311493,0.1556148999929428,1789735626.673332,1789738891.2739031,Asia/Jakarta,df66515bddffd87d7cae72a8929a03e8dcf79864a952184c4b323c4a131b97de,production_runs/original_ablation_20260918/runs/rec_weak/road_runner/seed_0,https://github.com/MrHeatcliff/New_HTP/tree/main/paper_artifacts/original_corewm_ablations/rec_weak
run_171,rec_strong,rec_strong,boxing,0,size12m,0,0,100000,100,10.773419404096623,0.1,12.1,0.727529718014929,0.22421320266193814,1789736273.4562612,1789739790.9129305,Asia/Jakarta,cac3b623411ca247c7d7a869693648dce384506a64db0616eaf3f21a9834b5ac,production_runs/original_ablation_20260918/runs/rec_strong/boxing/seed_0,https://github.com/MrHeatcliff/New_HTP/tree/main/paper_artifacts/original_corewm_ablations/rec_strong
run_172,rec_strong,rec_strong,up_n_down,0,size12m,0,0,100000,100,42072.10448645506,533.4,11693.2,0.7302012791898516,1.5752121368381713,1789736273.4567118,1789744661.4377012,Asia/Jakarta,4a448ff158e668bbbe324ebd61235fa92529c315a5e6203d50bba4dd66a2d426,production_runs/original_ablation_20260918/runs/rec_strong/up_n_down/seed_0,https://github.com/MrHeatcliff/New_HTP/tree/main/paper_artifacts/original_corewm_ablations/rec_strong
run_173,rec_strong,rec_strong,frostbite,0,size12m,0,0,100000,100,64.25792408785712,65.2,4334.7,0.7404325652122498,0.096229583952162,1789736644.0073762,1789739745.0440903,Asia/Jakarta,a2f37f81cb861053ebaa94eaeb778982dea9d840c63af49bfbeec38ca00ea552,production_runs/original_ablation_20260918/runs/rec_strong/frostbite/seed_0,https://github.com/MrHeatcliff/New_HTP/tree/main/paper_artifacts/original_corewm_ablations/rec_strong
run_174,rec_strong,rec_strong,road_runner,0,size12m,0,0,100000,100,2101.3944384285846,11.5,7845.0,0.739194349249204,0.1454991309510337,1789736644.0069213,1789739918.3279738,Asia/Jakarta,fd64cd643cf6d742236425eefdfa590477471b9aa12f8182f8972ea4eb2bb8ee,production_runs/original_ablation_20260918/runs/rec_strong/road_runner/seed_0,https://github.com/MrHeatcliff/New_HTP/tree/main/paper_artifacts/original_corewm_ablations/rec_strong
run_175,pdyn_weak,pdyn_weak,boxing,0,size12m,0,0,100000,100,10.78567606044276,0.1,12.1,0.7225300057729085,0.1243863836924235,1789737119.565711,1789740258.0907755,Asia/Jakarta,496464a35e09d0ea283cb15179b4a7e661bb2f49b30745a5045cc89681892303,production_runs/original_ablation_20260918/runs/pdyn_weak/boxing/seed_0,https://github.com/MrHeatcliff/New_HTP/tree/main/paper_artifacts/original_corewm_ablations/pdyn_weak
run_176,pdyn_weak,pdyn_weak,up_n_down,0,size12m,0,0,100000,100,25839.083631959435,533.4,11693.2,0.7250198549032212,0.7000247346692615,1789737119.5654159,1789742336.6992924,Asia/Jakarta,4d94d8c51f4b6dafa766b859eb03640f41de8273c350efcd67d30ae01236c3af,production_runs/original_ablation_20260918/runs/pdyn_weak/up_n_down/seed_0,https://github.com/MrHeatcliff/New_HTP/tree/main/paper_artifacts/original_corewm_ablations/pdyn_weak
run_177,pdyn_weak,pdyn_weak,frostbite,0,size12m,0,0,100000,100,64.3431457424985,65.2,4334.7,0.7418516888883379,0.09470987505382962,1789737165.7170138,1789740268.2825708,Asia/Jakarta,6fd7e1c89c5d2e5d1780e46a704b4f6207080f9d24c3c0dd0614afd055a1d47e,production_runs/original_ablation_20260918/runs/pdyn_weak/frostbite/seed_0,https://github.com/MrHeatcliff/New_HTP/tree/main/paper_artifacts/original_corewm_ablations/pdyn_weak
run_178,pdyn_weak,pdyn_weak,road_runner,0,size12m,0,0,100000,100,1865.9682134852603,11.5,7845.0,0.7415628310044606,0.15404328849580554,1789737165.717135,1789740481.0655856,Asia/Jakarta,5fc3b5f6d0dde19e0b8cb469512c96b9fc355be482f7568cf67b7ef5297a9603,production_runs/original_ablation_20260918/runs/pdyn_weak/road_runner/seed_0,https://github.com/MrHeatcliff/New_HTP/tree/main/paper_artifacts/original_corewm_ablations/pdyn_weak
run_179,pdyn_strong,pdyn_strong,boxing,0,size12m,0,0,100000,100,13.223120247918382,0.1,12.1,0.7199556889136632,0.14875632259580823,1789737177.0437005,1789740393.9287567,Asia/Jakarta,1b9fd62520a1e6f8dc12ba6e18c97ef901ac5f66d7cada479c49f658159313fd,production_runs/original_ablation_20260918/runs/pdyn_strong/boxing/seed_0,https://github.com/MrHeatcliff/New_HTP/tree/main/paper_artifacts/original_corewm_ablations/pdyn_strong
run_180,pdyn_strong,pdyn_strong,up_n_down,0,size12m,0,0,100000,100,6045.893285211178,533.4,11693.2,0.7231427724493874,0.4732028083668815,1789737177.0440192,1789741572.2309017,Asia/Jakarta,811305723e74f1dbece23f02c86569e307d14036c87477bff291cbfaab2ebe15,production_runs/original_ablation_20260918/runs/pdyn_strong/up_n_down/seed_0,https://github.com/MrHeatcliff/New_HTP/tree/main/paper_artifacts/original_corewm_ablations/pdyn_strong
run_181,pdyn_strong,pdyn_strong,frostbite,0,size12m,0,0,100000,100,430.72224990782234,65.2,4334.7,0.7402122996913062,0.1403369727399614,1789737285.2660396,1789740545.9124393,Asia/Jakarta,fd200f0bb6770ee6afb82b83540a755bfa40f3ebbe6c5030b2cce294cb9ec2d2,production_runs/original_ablation_20260918/runs/pdyn_strong/frostbite/seed_0,https://github.com/MrHeatcliff/New_HTP/tree/main/paper_artifacts/original_corewm_ablations/pdyn_strong
run_182,pdyn_strong,pdyn_strong,road_runner,0,size12m,0,0,100000,100,4386.358444546046,11.5,7845.0,0.7400421442588171,0.14955902424123552,1789737285.2663574,1789740578.3181243,Asia/Jakarta,ca2d4eaef09b2f2fe3ba3ae73f1812819c39ad71d7cba74563e3077df86d6c40,production_runs/original_ablation_20260918/runs/pdyn_strong/road_runner/seed_0,https://github.com/MrHeatcliff/New_HTP/tree/main/paper_artifacts/original_corewm_ablations/pdyn_strong
run_183,wide_trunk,wide_trunk,boxing,0,size12m,0,0,100000,100,16.872738157432924,0.1,12.1,0.8504701872004403,0.170166025824017,1789738015.1723666,1789741786.5821435,Asia/Jakarta,4db984202756977761bd41479849ecdfd75ae24569fb405dda2f060028610076,production_runs/original_ablation_20260918/runs/wide_trunk/boxing/seed_0,https://github.com/MrHeatcliff/New_HTP/tree/main/paper_artifacts/original_corewm_ablations/wide_trunk
run_184,wide_trunk,wide_trunk,up_n_down,0,size12m,0,0,100000,100,33121.87227711341,533.4,11693.2,0.8521356339587106,0.8382665023538801,1789738015.1726542,1789744194.8164728,Asia/Jakarta,8b18bda891dac646619f37eb95b5baccced6b6b2c0f04c48dc6c8d16ad855965,production_runs/original_ablation_20260918/runs/wide_trunk/up_n_down/seed_0,https://github.com/MrHeatcliff/New_HTP/tree/main/paper_artifacts/original_corewm_ablations/wide_trunk
run_185,wide_trunk,wide_trunk,frostbite,0,size12m,0,0,100000,100,739.2498518324799,65.2,4334.7,0.8397901872131559,0.12527641038099924,1789738264.3840966,1789741833.4711895,Asia/Jakarta,77b923f8868f83f4527b04ea3e19dbb3bdffed63a9344fe2ce8bbad1429dbf9e,production_runs/original_ablation_20260918/runs/wide_trunk/frostbite/seed_0,https://github.com/MrHeatcliff/New_HTP/tree/main/paper_artifacts/original_corewm_ablations/wide_trunk
run_186,wide_trunk,wide_trunk,road_runner,0,size12m,0,0,100000,100,1557.2820145135154,11.5,7845.0,0.8420824562840992,0.1505664241976208,1789738264.3844063,1789741930.5036385,Asia/Jakarta,14b21459a5993c197386f6c90e5780174d8fd778e257f2290cfe76e2a1fa9fa7,production_runs/original_ablation_20260918/runs/wide_trunk/road_runner/seed_0,https://github.com/MrHeatcliff/New_HTP/tree/main/paper_artifacts/original_corewm_ablations/wide_trunk
run_187,compact_code,compact_code,boxing,0,size12m,0,0,100000,100,14.807488550450316,0.1,12.1,0.6905807090467877,0.23234348422951168,1789738891.5511577,1789742302.940995,Asia/Jakarta,83d45c4b7f95829e1d866ef88dfa70481e81126bbf78533d8f0d779c63e0fcf3,production_runs/original_ablation_20260918/runs/compact_code/boxing/seed_0,https://github.com/MrHeatcliff/New_HTP/tree/main/paper_artifacts/original_corewm_ablations/compact_code
run_188,compact_code,compact_code,up_n_down,0,size12m,0,0,100000,100,23216.85481683207,533.4,11693.2,0.6970594450500276,1.0244419356187184,1789738891.5515296,1789745173.5061343,Asia/Jakarta,fb679c60c5df599629f8e79ef7460fd431478b70626f83dd5f67476f2503e175,production_runs/original_ablation_20260918/runs/compact_code/up_n_down/seed_0,https://github.com/MrHeatcliff/New_HTP/tree/main/paper_artifacts/original_corewm_ablations/compact_code
run_189,compact_code,compact_code,frostbite,0,size12m,0,0,100000,100,14.856553157350184,65.2,4334.7,0.7032503470447329,0.08766411072678036,1789739558.0843093,1789742491.52291,Asia/Jakarta,614eb792d18f585a76a29c5fd45a9b823eea68362a89e7cf7171b3f796deecb2,production_runs/original_ablation_20260918/runs/compact_code/frostbite/seed_0,https://github.com/MrHeatcliff/New_HTP/tree/main/paper_artifacts/original_corewm_ablations/compact_code
run_190,compact_code,compact_code,road_runner,0,size12m,0,0,100000,100,1496.8060271218455,11.5,7845.0,0.7036354660987854,0.1328577650917901,1789739558.084606,1789742654.5057633,Asia/Jakarta,8b5fa29bdaee4fe7cff766a2567d1e1a346468f1ec67dbfc130fc399fd3cd605,production_runs/original_ablation_20260918/runs/compact_code/road_runner/seed_0,https://github.com/MrHeatcliff/New_HTP/tree/main/paper_artifacts/original_corewm_ablations/compact_code
run_191,level1_short,level1_short,boxing,0,size12m,0,0,100000,100,7.757407668633494,0.1,12.1,0.6836304197708766,0.1217996272775862,1789739575.0699005,1789742551.287456,Asia/Jakarta,da758529a64285d5b9e68962b504a2706fe34a58b7dbffc62d6b6531553ababa,production_runs/original_ablation_20260918/runs/level1_short/boxing/seed_0,https://github.com/MrHeatcliff/New_HTP/tree/main/paper_artifacts/original_corewm_ablations/level1_short
run_192,level1_short,level1_short,up_n_down,0,size12m,0,0,100000,100,34297.38590312502,533.4,11693.2,0.6860769137408999,1.1982227607568106,1789739575.0695422,1789746433.7850933,Asia/Jakarta,b90f86fa0b12b76879f7ea32286a787b20ecc033d08d270d44b29cf22168092b,production_runs/original_ablation_20260918/runs/level1_short/up_n_down/seed_0,https://github.com/MrHeatcliff/New_HTP/tree/main/paper_artifacts/original_corewm_ablations/level1_short
run_193,level1_short,level1_short,frostbite,0,size12m,0,0,100000,100,15.498126312297213,65.2,4334.7,0.6749855025609335,0.08467501527733273,1789739918.651555,1789742728.6268384,Asia/Jakarta,a52628c139754008796895144b8ef2f62dca63a8f1d4cfb32e98f49248bc0319,production_runs/original_ablation_20260918/runs/level1_short/frostbite/seed_0,https://github.com/MrHeatcliff/New_HTP/tree/main/paper_artifacts/original_corewm_ablations/level1_short
run_194,level1_short,level1_short,road_runner,0,size12m,0,0,100000,100,1557.3014733146176,11.5,7845.0,0.6745233373509513,0.11791687687238057,1789739918.6518567,1789742847.4392624,Asia/Jakarta,0fc237c92f638780853b5e4e1eab7a50d2add89755cf7c0a2e6ff93a82d6e736,production_runs/original_ablation_20260918/runs/level1_short/road_runner/seed_0,https://github.com/MrHeatcliff/New_HTP/tree/main/paper_artifacts/original_corewm_ablations/level1_short
run_195,level1_long,level1_long,boxing,0,size12m,0,0,100000,100,7.909053755863043,0.1,12.1,0.6748789907826318,0.11972765763600668,1789740481.3501816,1789743423.1674173,Asia/Jakarta,e4b36dc2abdaa8e310d03e445e292095737fa025f27b32ed9ba6869737a1ebc2,production_runs/original_ablation_20260918/runs/level1_long/boxing/seed_0,https://github.com/MrHeatcliff/New_HTP/tree/main/paper_artifacts/original_corewm_ablations/level1_long
run_196,level1_long,level1_long,up_n_down,0,size12m,0,0,100000,100,1390.9087938205269,533.4,11693.2,0.6756276912821664,0.13193476921982236,1789740481.3497994,1789743466.8464355,Asia/Jakarta,b4c864f8ac081b89ee661032d8ce95db8d74382095b8e78cd08c09a2d3dd7b83,production_runs/original_ablation_20260918/runs/level1_long/up_n_down/seed_0,https://github.com/MrHeatcliff/New_HTP/tree/main/paper_artifacts/original_corewm_ablations/level1_long
run_197,level1_long,level1_long,frostbite,0,size12m,0,0,100000,100,470.0727968553747,65.2,4334.7,0.6821291980478499,0.12594357636239795,1789740578.5857792,1789743566.4978514,Asia/Jakarta,435002812c0d89d34b987f1875eeb5aa80c893ea8b4c48a4dd42691dc7aa6140,production_runs/original_ablation_20260918/runs/level1_long/frostbite/seed_0,https://github.com/MrHeatcliff/New_HTP/tree/main/paper_artifacts/original_corewm_ablations/level1_long
run_198,level1_long,level1_long,road_runner,0,size12m,0,0,100000,100,1744.097983995675,11.5,7845.0,0.6825110008319218,0.1281652275721232,1789740578.5860584,1789743575.3196385,Asia/Jakarta,7cb265c058d28c4b7b9c9ed8a5776473530ab95dc382d76bf015e790a8e267e9,production_runs/original_ablation_20260918/runs/level1_long/road_runner/seed_0,https://github.com/MrHeatcliff/New_HTP/tree/main/paper_artifacts/original_corewm_ablations/level1_long
run_199,level3,level3,boxing,0,size12m,0,0,100000,100,26.86897501174576,0.1,12.1,0.6962466004821989,0.09610555787881216,1789740784.9748867,1789743723.7383156,Asia/Jakarta,482d199b4f3c70418c20ee4c22eae424501b69e0653d795411412f9dc0f6e17f,production_runs/original_ablation_20260918/runs/level3/boxing/seed_0,https://github.com/MrHeatcliff/New_HTP/tree/main/paper_artifacts/original_corewm_ablations/level3
run_200,level3,level3,up_n_down,0,size12m,0,0,100000,100,28026.151303359293,533.4,11693.2,0.6981278010209402,0.5427320562468635,1789740784.974584,1789745335.2975152,Asia/Jakarta,0e866ffe9a710386d4ec555a2c04e39f0fa5fcf5f77176e34f25335f515ed41a,production_runs/original_ablation_20260918/runs/level3/up_n_down/seed_0,https://github.com/MrHeatcliff/New_HTP/tree/main/paper_artifacts/original_corewm_ablations/level3
run_201,level3,level3,frostbite,0,size12m,0,0,100000,100,407.4532878971304,65.2,4334.7,0.7020624199840757,0.14921049376328785,1789741452.1801982,1789744603.0561497,Asia/Jakarta,6db02bd2353b4117aa65c62e7a1a74679a30b7776725325d833f04a0210c67ab,production_runs/original_ablation_20260918/runs/level3/frostbite/seed_0,https://github.com/MrHeatcliff/New_HTP/tree/main/paper_artifacts/original_corewm_ablations/level3
run_202,level3,level3,road_runner,0,size12m,0,0,100000,100,1649.555801855258,11.5,7845.0,0.7026281922393375,0.14395622233549754,1789741452.1805048,1789744585.8304152,Asia/Jakarta,71268efeff385382c1978415aae16ee6485443fcec5c99fa6b6af3205ef6f2f0,production_runs/original_ablation_20260918/runs/level3/road_runner/seed_0,https://github.com/MrHeatcliff/New_HTP/tree/main/paper_artifacts/original_corewm_ablations/level3
run_203,slim,htp_slim,boxing,0,size12m,0,0,100000,100,12.268527526837428,0.1,12.1,0.6333479263385137,0.22107422232627869,1789741572.628349,1789744728.1871884,Asia/Jakarta,671e8680cb3f18ea5eaa692abc06d113db056baaadaaefa0965ce3b82fa77ea0,production_runs/original_ablation_20260918/runs/slim/boxing/seed_0,https://github.com/MrHeatcliff/New_HTP/tree/main/paper_artifacts/original_corewm_ablations/slim
run_204,slim,htp_slim,up_n_down,0,size12m,0,0,100000,100,22224.271333909517,533.4,11693.2,0.6379259201553132,1.3296997667021222,1789741572.6286352,1789748733.4924877,Asia/Jakarta,9d3e7b99ff267a57e02adf424b5853b917e5c6311ba17dd6db4bb21e8b6a6a01,production_runs/original_ablation_20260918/runs/slim/up_n_down/seed_0,https://github.com/MrHeatcliff/New_HTP/tree/main/paper_artifacts/original_corewm_ablations/slim
run_205,slim,htp_slim,frostbite,0,size12m,0,0,100000,100,474.43545398715725,65.2,4334.7,0.631772593193584,0.10559446248743269,1789741930.8429413,1789744661.6780975,Asia/Jakarta,c69d16bf4060e0a195ff540fedd54ea27450d2fa132c997565fd11c22472eac4,production_runs/original_ablation_20260918/runs/slim/frostbite/seed_0,https://github.com/MrHeatcliff/New_HTP/tree/main/paper_artifacts/original_corewm_ablations/slim
run_206,slim,htp_slim,road_runner,0,size12m,0,0,100000,100,2087.155524108872,11.5,7845.0,0.634046756558948,0.1467432671123081,1789741930.8441322,1789744818.8368227,Asia/Jakarta,9e2b6146ca36bc237d6a057f8e0123882cf6a08cdba1e26b1be74a5b6f5d8335,production_runs/original_ablation_20260918/runs/slim/road_runner/seed_0,https://github.com/MrHeatcliff/New_HTP/tree/main/paper_artifacts/original_corewm_ablations/slim
run_207,slim_zero,slim_zero,boxing,0,size12m,0,0,100000,100,9.251912169269593,0.1,12.1,0.6354279920127657,0.21794776419798534,1789742337.258814,1789745488.039872,Asia/Jakarta,1724549be2024b66ac956f72ef72fae4898a795fb3883568c457ffa9986134a4,production_runs/original_ablation_20260918/runs/slim_zero/boxing/seed_0,https://github.com/MrHeatcliff/New_HTP/tree/main/paper_artifacts/original_corewm_ablations/slim_zero
run_208,slim_zero,slim_zero,up_n_down,0,size12m,0,0,100000,100,58388.19818103897,533.4,11693.2,0.6418329619699055,1.9753540159596337,1789742337.2584982,1789751835.451675,Asia/Jakarta,ae21f1085cb10f531256a6c93d5b6cadef98f44e3b0384976e573cceb4318fca,production_runs/original_ablation_20260918/runs/slim_zero/up_n_down/seed_0,https://github.com/MrHeatcliff/New_HTP/tree/main/paper_artifacts/original_corewm_ablations/slim_zero
run_209,slim_zero,slim_zero,frostbite,0,size12m,0,0,100000,100,696.0739540414866,65.2,4334.7,0.6301093300845888,0.11876771860652499,1789742654.8505266,1789745430.4613576,Asia/Jakarta,5e55bb0fba5d8f182c86122c57b116700252596e6c41d5685ebdf87d274362a6,production_runs/original_ablation_20260918/runs/slim_zero/frostbite/seed_0,https://github.com/MrHeatcliff/New_HTP/tree/main/paper_artifacts/original_corewm_ablations/slim_zero
run_210,slim_zero,slim_zero,road_runner,0,size12m,0,0,100000,100,2158.4269898949724,11.5,7845.0,0.6297529571586185,0.12833179944091372,1789742654.8506935,1789745462.7898102,Asia/Jakarta,d35d2ffe2b1b26924eeb6081dbbf43d6faf40becb886039b2ce3403f0b938f5a,production_runs/original_ablation_20260918/runs/slim_zero/road_runner/seed_0,https://github.com/MrHeatcliff/New_HTP/tree/main/paper_artifacts/original_corewm_ablations/slim_zero
run_211,slim_posthoc,htp_slim_postHoc,boxing,0,size12m,0,0,100000,100,13.141329668437113,0.1,12.1,0.63697278936704,0.222250477804078,1789742847.7419987,1789746019.9502306,Asia/Jakarta,9889028336bed94a95ac01c78bfc0957ac1b52d94166dcd4930f54e5945cd4eb,production_runs/original_ablation_20260918/runs/slim_posthoc/boxing/seed_0,https://github.com/MrHeatcliff/New_HTP/tree/main/paper_artifacts/original_corewm_ablations/slim_posthoc
run_212,slim_posthoc,htp_slim_postHoc,up_n_down,0,size12m,0,0,100000,100,58388.19818103897,533.4,11693.2,0.6383190679550171,1.717377616763115,1789742847.7417583,1789751405.9104211,Asia/Jakarta,2cf624c4f09ac67b97e50a5ed65b1ee3b81d503aa2805e6c2497058cad4078bd,production_runs/original_ablation_20260918/runs/slim_posthoc/up_n_down/seed_0,https://github.com/MrHeatcliff/New_HTP/tree/main/paper_artifacts/original_corewm_ablations/slim_posthoc
run_213,slim_posthoc,htp_slim_postHoc,frostbite,0,size12m,0,0,100000,100,22.137312530219337,65.2,4334.7,0.6352314460939831,0.08702990068329705,1789743456.9365702,1789746131.7821958,Asia/Jakarta,f271b385acff1ddfcb4a477f7be05714c21fb22210a1f1d85a84646d107eb5cc,production_runs/original_ablation_20260918/runs/slim_posthoc/frostbite/seed_0,https://github.com/MrHeatcliff/New_HTP/tree/main/paper_artifacts/original_corewm_ablations/slim_posthoc
run_214,slim_posthoc,htp_slim_postHoc,road_runner,0,size12m,0,0,100000,100,1212.020601885108,11.5,7845.0,0.6359404371182124,0.12622400727536942,1789743456.9353318,1789746274.8430154,Asia/Jakarta,c0a0f162c353e8cca926d8fabb7e48bd81843a9edf789f551350784a25f80046,production_runs/original_ablation_20260918/runs/slim_posthoc/road_runner/seed_0,https://github.com/MrHeatcliff/New_HTP/tree/main/paper_artifacts/original_corewm_ablations/slim_posthoc
run_215,slim_variance,htp_slim_vicreg,boxing,0,size12m,0,0,100000,100,13.171502755892543,0.1,12.1,0.6301790082454681,0.22718357410695816,1789743467.2006984,1789746633.4100106,Asia/Jakarta,42aca58020bef1801095e38217e228747ba2d88ede3ad8f9d8dd48150bcaa27b,production_runs/original_ablation_20260918/runs/slim_variance/boxing/seed_0,https://github.com/MrHeatcliff/New_HTP/tree/main/paper_artifacts/original_corewm_ablations/slim_variance
run_216,slim_variance,htp_slim_vicreg,up_n_down,0,size12m,0,0,100000,100,52656.80355007424,533.4,11693.2,0.6317186793353823,1.9446952827109232,1789743467.20108,1789752820.3100972,Asia/Jakarta,20394b3f73f26f2f6a7303be53bba99ad7dba059aad8d327a1b59a8a712ef5ee,production_runs/original_ablation_20260918/runs/slim_variance/up_n_down/seed_0,https://github.com/MrHeatcliff/New_HTP/tree/main/paper_artifacts/original_corewm_ablations/slim_variance
run_217,slim_variance,htp_slim_vicreg,frostbite,0,size12m,0,0,100000,100,58.56326976575476,65.2,4334.7,0.6420598312881258,0.08865058918793996,1789743575.6102428,1789746284.8622396,Asia/Jakarta,255e5f6580aea8ac165d769c2246569c2537c4447c5de575f98f2206d26e126b,production_runs/original_ablation_20260918/runs/slim_variance/frostbite/seed_0,https://github.com/MrHeatcliff/New_HTP/tree/main/paper_artifacts/original_corewm_ablations/slim_variance
run_218,slim_variance,htp_slim_vicreg,road_runner,0,size12m,0,0,100000,100,1850.580034650343,11.5,7845.0,0.6410976394017538,0.11831427686744266,1789743575.6105597,1789746388.4340308,Asia/Jakarta,d7b31f86f2413b69ee4f91485c5502077203da4be996b19e138fd8d229812ba5,production_runs/original_ablation_20260918/runs/slim_variance/road_runner/seed_0,https://github.com/MrHeatcliff/New_HTP/tree/main/paper_artifacts/original_corewm_ablations/slim_variance
run_219,slim_variance_only,slim_variance_only,boxing,0,size12m,0,0,100000,100,9.631409056002159,0.1,12.1,0.6354646605915494,0.23977970725960202,1789743689.3693779,1789746922.045498,Asia/Jakarta,46d8e822590d8e1a4f8da57edcf11978ada0374b32edf171ea3e690531cf8ebe,production_runs/original_ablation_20260918/runs/slim_variance_only/boxing/seed_0,https://github.com/MrHeatcliff/New_HTP/tree/main/paper_artifacts/original_corewm_ablations/slim_variance_only
run_220,slim_variance_only,slim_variance_only,up_n_down,0,size12m,0,0,100000,100,43861.3571733811,533.4,11693.2,0.6381878804498249,1.4365285052193535,1789743689.3690746,1789751237.2152452,Asia/Jakarta,f33f923e8dde234e5d26d6912577e5a80ea71a94bad56752bc8128a056fc845c,production_runs/original_ablation_20260918/runs/slim_variance_only/up_n_down/seed_0,https://github.com/MrHeatcliff/New_HTP/tree/main/paper_artifacts/original_corewm_ablations/slim_variance_only
run_221,slim_variance_only,slim_variance_only,frostbite,0,size12m,0,0,100000,100,444.12068384413465,65.2,4334.7,0.6581728429264493,0.11698937290244632,1789744195.2260957,1789747063.0224435,Asia/Jakarta,a612e30a6ea062636b13255c83471eaacc943a7127d1af2de8b7152dd4a4e52f,production_runs/original_ablation_20260918/runs/slim_variance_only/frostbite/seed_0,https://github.com/MrHeatcliff/New_HTP/tree/main/paper_artifacts/original_corewm_ablations/slim_variance_only
run_222,slim_variance_only,slim_variance_only,road_runner,0,size12m,0,0,100000,100,2393.6709477412733,11.5,7845.0,0.6585526667038599,0.16648370411660937,1789744195.2263846,1789747243.5812745,Asia/Jakarta,da8cc2ed331650db5843698789d23b58cd3627d02a0c63054259177a766be412,production_runs/original_ablation_20260918/runs/slim_variance_only/road_runner/seed_0,https://github.com/MrHeatcliff/New_HTP/tree/main/paper_artifacts/original_corewm_ablations/slim_variance_only
run_223,warmup_40000,htp_full,boxing,0,size12m,40000,0,100000,100,10.87140629116007,0.1,12.1,0.7130286167727576,0.12060149795479244,1789744397.3340373,1789747487.657594,Asia/Jakarta,1ce04c8e309867a164c3f81775590173827c6685689a665e67c59bce479f71f3,production_runs/original_ablation_20260918/runs/warmup_40000/boxing/seed_0,https://github.com/MrHeatcliff/New_HTP/tree/main/paper_artifacts/original_corewm_ablations/warmup_40000
run_224,warmup_40000,htp_full,up_n_down,0,size12m,40000,0,100000,100,865.5424176593986,533.4,11693.2,0.7284910143083996,0.1420763744910558,1789744397.3345003,1789747618.9626975,Asia/Jakarta,4c7ea0c664404592485a921150049993e13c4a47403dfc5aad544ddd67b807af,production_runs/original_ablation_20260918/runs/warmup_40000/up_n_down/seed_0,https://github.com/MrHeatcliff/New_HTP/tree/main/paper_artifacts/original_corewm_ablations/warmup_40000
run_225,warmup_40000,htp_full,frostbite,0,size12m,40000,0,100000,100,576.0676166821903,65.2,4334.7,0.7270962660180198,0.19806885421276094,1789744603.3718252,1789747934.3839912,Asia/Jakarta,25c25fc6608eb73f318b481a4b3a05ed4dee181c95d88e4a37d7b0e3a2cfd4e8,production_runs/original_ablation_20260918/runs/warmup_40000/frostbite/seed_0,https://github.com/MrHeatcliff/New_HTP/tree/main/paper_artifacts/original_corewm_ablations/warmup_40000
run_226,warmup_40000,htp_full,road_runner,0,size12m,40000,0,100000,100,2849.361970049372,11.5,7845.0,0.7275392190615336,0.13157791038354238,1789744603.3725085,1789747784.0297964,Asia/Jakarta,be46200f501c4c0da5cc3d87d7c5eca6c1e16deb64e53c078d34f13733f7c058,production_runs/original_ablation_20260918/runs/warmup_40000/road_runner/seed_0,https://github.com/MrHeatcliff/New_HTP/tree/main/paper_artifacts/original_corewm_ablations/warmup_40000
run_227,early_60000,early_60000,boxing,0,size12m,0,60000,100000,100,11.839652602056098,0.1,12.1,0.7392475240760379,0.12758419652779898,1789744661.8390377,1789747873.388883,Asia/Jakarta,33e83b7c5c3b519265cce90469ec8ab22790c03f25ac048294ea050e92e7041e,production_runs/original_ablation_20260918/runs/early_60000/boxing/seed_0,https://github.com/MrHeatcliff/New_HTP/tree/main/paper_artifacts/original_corewm_ablations/early_60000
run_228,early_60000,early_60000,up_n_down,0,size12m,0,60000,100000,100,12729.11415740794,533.4,11693.2,0.740025504231453,1.0005370730161667,1789744661.8394434,1789751016.2229133,Asia/Jakarta,a97dff35957895b3ef8113700094fcbee8a070c007df85c8b6039214225e0fa9,production_runs/original_ablation_20260918/runs/early_60000/up_n_down/seed_0,https://github.com/MrHeatcliff/New_HTP/tree/main/paper_artifacts/original_corewm_ablations/early_60000
run_229,early_60000,early_60000,frostbite,0,size12m,0,60000,100000,100,504.45426057285016,65.2,4334.7,0.743050076564153,0.12219182319111294,1789744819.2564802,1789748025.0671809,Asia/Jakarta,1cbf5bc2d0e72881467634c51203d4b49821e8dbe7607558b9a266842367ece3,production_runs/original_ablation_20260918/runs/early_60000/frostbite/seed_0,https://github.com/MrHeatcliff/New_HTP/tree/main/paper_artifacts/original_corewm_ablations/early_60000
run_230,early_60000,early_60000,road_runner,0,size12m,0,60000,100000,100,1643.2521954276458,11.5,7845.0,0.74330138027668,0.1741111946768231,1789744819.2568774,1789748212.9576123,Asia/Jakarta,1a0f867709ac42322878e2c65e303f9059f8dceee47d0c7035ec7c02f19b720e,production_runs/original_ablation_20260918/runs/early_60000/road_runner/seed_0,https://github.com/MrHeatcliff/New_HTP/tree/main/paper_artifacts/original_corewm_ablations/early_60000
run_231,warmup_60000,htp_full,boxing,0,size12m,60000,0,100000,100,8.025533746685756,0.1,12.1,0.725631829433971,0.12738127145502304,1789745173.892928,1789748336.979518,Asia/Jakarta,6d19073df20893612a0067500a157d22228cb4570a030c1a3e7df28a040f172a,production_runs/original_ablation_20260918/runs/warmup_60000/boxing/seed_0,https://github.com/MrHeatcliff/New_HTP/tree/main/paper_artifacts/original_corewm_ablations/warmup_60000
run_232,warmup_60000,htp_full,up_n_down,0,size12m,60000,0,100000,100,5118.075019877191,533.4,11693.2,0.7335318554109997,0.1701978858311971,1789745173.8932817,1789748516.2143474,Asia/Jakarta,33eed685af3044432166575e7791233d27648fc1e2f3b783f1c668dbafa0c508,production_runs/original_ablation_20260918/runs/warmup_60000/up_n_down/seed_0,https://github.com/MrHeatcliff/New_HTP/tree/main/paper_artifacts/original_corewm_ablations/warmup_60000
run_233,warmup_60000,htp_full,frostbite,0,size12m,60000,0,100000,100,776.0749404093094,65.2,4334.7,0.7560877195331785,0.12061741802427504,1789745335.6538227,1789748580.708149,Asia/Jakarta,fd197eefcc31353110f7dcb94eae235a59e088bb41ca212176d53b56ef295f2c,production_runs/original_ablation_20260918/runs/warmup_60000/frostbite/seed_0,https://github.com/MrHeatcliff/New_HTP/tree/main/paper_artifacts/original_corewm_ablations/warmup_60000
run_234,warmup_60000,htp_full,road_runner,0,size12m,60000,0,100000,100,2950.734200708753,11.5,7845.0,0.7557893681526184,0.1291928689347373,1789745335.6540992,1789748610.609624,Asia/Jakarta,3c0fb27580af6edbccd66940957b53718cf7e2d08dba853535cad26956b74fa7,production_runs/original_ablation_20260918/runs/warmup_60000/road_runner/seed_0,https://github.com/MrHeatcliff/New_HTP/tree/main/paper_artifacts/original_corewm_ablations/warmup_60000
run_235,early_40000,early_40000,boxing,0,size12m,0,40000,100000,100,11.085867789508615,0.1,12.1,0.7494900149769254,0.12158653590414259,1789745463.132974,1789748692.0169923,Asia/Jakarta,d4fa410c4ee1bfdb12e6ecba64b1022f826931110b06c9884c395546b69a99b2,production_runs/original_ablation_20260918/runs/early_40000/boxing/seed_0,https://github.com/MrHeatcliff/New_HTP/tree/main/paper_artifacts/original_corewm_ablations/early_40000
run_236,early_40000,early_40000,up_n_down,0,size12m,0,40000,100000,100,17038.78188490046,533.4,11693.2,0.749733222855462,0.7132828215758006,1789745463.1332393,1789750819.9563656,Asia/Jakarta,18aa8a43a88ae992f344eb08477096c2cfbb87ea1a36f6339d0fd054b14c77c1,production_runs/original_ablation_20260918/runs/early_40000/up_n_down/seed_0,https://github.com/MrHeatcliff/New_HTP/tree/main/paper_artifacts/original_corewm_ablations/early_40000
run_237,early_40000,early_40000,frostbite,0,size12m,0,40000,100000,100,678.6250508166934,65.2,4334.7,0.7477827103270425,0.13079251494672564,1789746275.2570198,1789749524.357786,Asia/Jakarta,699fb61bc4ff7c3d9361c0a852d7ddfe951b6675b93d0d8210948fc99e1ad689,production_runs/original_ablation_20260918/runs/early_40000/frostbite/seed_0,https://github.com/MrHeatcliff/New_HTP/tree/main/paper_artifacts/original_corewm_ablations/early_40000
run_238,early_40000,early_40000,road_runner,0,size12m,0,40000,100000,100,1722.172400713058,11.5,7845.0,0.7481227965487374,0.14092242452833387,1789746275.2574024,1789749562.1367414,Asia/Jakarta,842bdfb334509e244f9b304f25b3e9e71ca9d79e073cad0be0b2c0c6b0b9af2d,production_runs/original_ablation_20260918/runs/early_40000/road_runner/seed_0,https://github.com/MrHeatcliff/New_HTP/tree/main/paper_artifacts/original_corewm_ablations/early_40000
run_239,warmup_80000,htp_full,boxing,0,size12m,80000,0,100000,100,7.05115507408452,0.1,12.1,0.7406533661815855,0.13110812458727095,1789746388.8467116,1789749622.8368013,Asia/Jakarta,a8e48d65b9a41099f92237b3c1c85d47057c42ecce0b90295f6d9782084a94b0,production_runs/original_ablation_20260918/runs/warmup_80000/boxing/seed_0,https://github.com/MrHeatcliff/New_HTP/tree/main/paper_artifacts/original_corewm_ablations/warmup_80000
run_240,warmup_80000,htp_full,up_n_down,0,size12m,80000,0,100000,100,1269.2122905108658,533.4,11693.2,0.7411523762014177,0.12771930999226042,1789746388.8470109,1789749609.4411647,Asia/Jakarta,c1043ba9eaa49db657f6ff98cc596ba28347098c7493bccb1d299da995cd39a1,production_runs/original_ablation_20260918/runs/warmup_80000/up_n_down/seed_0,https://github.com/MrHeatcliff/New_HTP/tree/main/paper_artifacts/original_corewm_ablations/warmup_80000
run_241,warmup_80000,htp_full,frostbite,0,size12m,80000,0,100000,100,624.7764529506663,65.2,4334.7,0.7447854099671046,0.1135869605673684,1789746434.5175295,1789749614.4032633,Asia/Jakarta,051e3f9c34554e9b1ea2c71c8c8743e3678baa5bee705f1e862f6cd6a7ead09b,production_runs/original_ablation_20260918/runs/warmup_80000/frostbite/seed_0,https://github.com/MrHeatcliff/New_HTP/tree/main/paper_artifacts/original_corewm_ablations/warmup_80000
run_242,warmup_80000,htp_full,road_runner,0,size12m,80000,0,100000,100,2068.5905024114045,11.5,7845.0,0.7441242346498701,0.15780162460274166,1789746434.5179305,1789749771.4090054,Asia/Jakarta,4243e1984c0e986f558de9cc30983797218630f0bae9194c5bb250f1323c3ac9,production_runs/original_ablation_20260918/runs/warmup_80000/road_runner/seed_0,https://github.com/MrHeatcliff/New_HTP/tree/main/paper_artifacts/original_corewm_ablations/warmup_80000
run_243,early_20000,early_20000,boxing,0,size12m,0,20000,100000,100,10.743337141190949,0.1,12.1,0.7350322124693128,0.1512732544210222,1789747244.0017061,1789750524.3942187,Asia/Jakarta,2c04da6544f5b11a11c7069ce381dbd03719b9b9f9c65e155b11db9941ed46d8,production_runs/original_ablation_20260918/runs/early_20000/boxing/seed_0,https://github.com/MrHeatcliff/New_HTP/tree/main/paper_artifacts/original_corewm_ablations/early_20000
run_244,early_20000,early_20000,up_n_down,0,size12m,0,20000,100000,100,38861.674236770195,533.4,11693.2,0.7377287571960025,1.465759145286348,1789747244.0019135,1789755264.572212,Asia/Jakarta,2f8067d4661d264c202097aa701bbef505cdf546a29fb16251c1ee898fc188f2,production_runs/original_ablation_20260918/runs/early_20000/up_n_down/seed_0,https://github.com/MrHeatcliff/New_HTP/tree/main/paper_artifacts/original_corewm_ablations/early_20000
run_245,early_20000,early_20000,frostbite,0,size12m,0,20000,100000,100,18.66883104335278,65.2,4334.7,0.7081105873982112,0.09260415898429022,1789747619.4255786,1789750587.3713484,Asia/Jakarta,b335162b744b8de25c0bdac669045688c4e04547398574bbaa1c606dfbd1215e,production_runs/original_ablation_20260918/runs/early_20000/frostbite/seed_0,https://github.com/MrHeatcliff/New_HTP/tree/main/paper_artifacts/original_corewm_ablations/early_20000
run_246,early_20000,early_20000,road_runner,0,size12m,0,20000,100000,100,1814.496897186377,11.5,7845.0,0.726439672311147,0.14524545113245646,1789747619.4266117,1789750844.4117236,Asia/Jakarta,038d884670c00e11088bcaf4098809b9d027887c24fee26344f7360d81780579,production_runs/original_ablation_20260918/runs/early_20000/road_runner/seed_0,https://github.com/MrHeatcliff/New_HTP/tree/main/paper_artifacts/original_corewm_ablations/early_20000
run_247,raw_readout_full,raw_readout_full,boxing,0,size12m,0,0,100000,100,12.916870966126261,0.1,12.1,0.6977696610159344,0.2317870451344384,1789747934.8152213,1789751373.6250694,Asia/Jakarta,f436743e694b2bc1378a31bea10a0d838c702324c660cb597ffe31c63640cc05,production_runs/original_ablation_20260918/runs/raw_readout_full/boxing/seed_0,https://github.com/MrHeatcliff/New_HTP/tree/main/paper_artifacts/original_corewm_ablations/raw_readout_full
run_248,raw_readout_full,raw_readout_full,up_n_down,0,size12m,0,0,100000,100,3128.8844883463084,533.4,11693.2,0.6992357410987218,0.2853253443373574,1789747934.8156607,1789751568.7003825,Asia/Jakarta,1367a7b402c3e8dfcd0830abce6fe5c6047e3680fcebb2187566e06c02c7a5d9,production_runs/original_ablation_20260918/runs/raw_readout_full/up_n_down/seed_0,https://github.com/MrHeatcliff/New_HTP/tree/main/paper_artifacts/original_corewm_ablations/raw_readout_full
run_249,raw_readout_full,raw_readout_full,frostbite,0,size12m,0,0,100000,100,7.719187689508436,65.2,4334.7,0.6881278739372889,0.08882235109806061,1789748213.3610168,1789751100.7967584,Asia/Jakarta,6e533c8aa31904b521bdc7f7489b40167fc7dbf8bc1923e5472e1b2eb10aa918,production_runs/original_ablation_20260918/runs/raw_readout_full/frostbite/seed_0,https://github.com/MrHeatcliff/New_HTP/tree/main/paper_artifacts/original_corewm_ablations/raw_readout_full
run_250,raw_readout_full,raw_readout_full,road_runner,0,size12m,0,0,100000,100,2283.9218440872687,11.5,7845.0,0.6858305881420771,0.15679839260048337,1789748213.361295,1789751333.8767295,Asia/Jakarta,ce0bf6aaa71d19f90a7208f435b8058c5282985ba777c82396c3546e896e96fd,production_runs/original_ablation_20260918/runs/raw_readout_full/road_runner/seed_0,https://github.com/MrHeatcliff/New_HTP/tree/main/paper_artifacts/original_corewm_ablations/raw_readout_full
run_251,raw_readout_flat,raw_readout_flat,boxing,0,size12m,0,0,100000,100,11.011362359404082,0.1,12.1,0.668084304134051,0.14764516830444335,1789748516.5962472,1789751543.0757608,Asia/Jakarta,10de7e57cd0b71b60426916b1c6483eceab58925bc401bfa8f46722de5ecfe61,production_runs/original_ablation_20260918/runs/raw_readout_flat/boxing/seed_0,https://github.com/MrHeatcliff/New_HTP/tree/main/paper_artifacts/original_corewm_ablations/raw_readout_flat
run_252,raw_readout_flat,raw_readout_flat,up_n_down,0,size12m,0,0,100000,100,1246.0342910792842,533.4,11693.2,0.6810417375961939,0.14854104704327054,1789748516.5965583,1789751589.7449973,Asia/Jakarta,fadb1332713eb85c1cc20c2810cffe98f730f780fd71a4d2879117f5b5e010fc,production_runs/original_ablation_20260918/runs/raw_readout_flat/up_n_down/seed_0,https://github.com/MrHeatcliff/New_HTP/tree/main/paper_artifacts/original_corewm_ablations/raw_readout_flat
run_253,raw_readout_flat,raw_readout_flat,frostbite,0,size12m,0,0,100000,100,19.811995142215018,65.2,4334.7,0.6875522797637516,0.08360755238268111,1789748610.9735763,1789751471.1718366,Asia/Jakarta,9fb61c1ec25b99de151cae28311da7f8462ba8dfbcb0a7191c2ecb4e39797005,production_runs/original_ablation_20260918/runs/raw_readout_flat/frostbite/seed_0,https://github.com/MrHeatcliff/New_HTP/tree/main/paper_artifacts/original_corewm_ablations/raw_readout_flat
run_254,raw_readout_flat,raw_readout_flat,road_runner,0,size12m,0,0,100000,100,1519.455976541099,11.5,7845.0,0.6864671003818512,0.13053129083580442,1789748610.973981,1789751636.4377823,Asia/Jakarta,5bca8ce92003c3982ddff54fc376c984da3062b7e4a96987f8f033c964838925,production_runs/original_ablation_20260918/runs/raw_readout_flat/road_runner/seed_0,https://github.com/MrHeatcliff/New_HTP/tree/main/paper_artifacts/original_corewm_ablations/raw_readout_flat
